Condition,Generation,width(um),Lb(um),Ld(um),growth rate(1/min),Doubling time(min)
PLL rinsed,G1,0.95643886,2.684422269,4.538234858,0.003328662,158.8640493
PLL rinsed,G1,0.919413456,2.487406723,4.873388747,0.003526575,191.8510898
PLL rinsed,G1,0.940090912,2.995760352,5.663157913,0.003642083,175.7585323
PLL rinsed,G1,0.988264659,2.749870579,4.636067631,0.004919928,105.4248655
PLL rinsed,G1,0.992794024,2.632921798,4.213247183,0.003692835,127.4681348
PLL rinsed,G1,1.066524715,2.076216562,3.970407621,0.002504988,256.8940632
PLL rinsed,G2,0.922366899,2.754813874,4.759673473,0.002750691,200.1190902
PLL rinsed,G2,0.917744046,2.730431295,4.909504777,0.002858367,203.9827987
PLL rinsed,G2,0.922341229,3.289684829,5.279130241,0.003321146,143.3282494
PLL rinsed,G2,0.951588371,3.274837094,4.097659806,0.001468,154.7726342
PLL rinsed,G2,0.983215593,1.929785188,3.896483017,0.002593614,271.680769
PLL rinsed,G2,1.008664266,2.511490565,4.550531661,0.003847361,153.4542429
PLL rinsed,G2,1.054427832,2.070835775,3.64034271,0.001738104,321.7921741
PLL rinsed,G1,0.869349964,3.015789389,4.095801442,0.002941521,105.1912352
PLL rinsed,G1,0.953385829,2.526819704,4.184212446,0.004347226,116.9302951
PLL rinsed,G1,0.997729111,2.584958596,4.436566996,0.004522596,118.5846176
PLL rinsed,G1,1.002801067,2.936717351,4.507435764,0.002023549,213.4106477
PLL rinsed,G1,1.03377629,2.684184269,4.584647329,0.00462606,116.5287008
PLL rinsed,G1,1.081266829,2.606726006,4.682445692,0.005180305,113.809745
PLL rinsed,G1,0.977034234,2.687662546,4.246124917,0.002967229,152.8769931
PLL rinsed,G1,0.921323198,2.591119902,4.135433929,0.002740386,169.1915775
PLL rinsed,G2,0.979486564,2.447186784,4.011010898,0.003227707,154.3507018
PLL rinsed,G2,1.02018206,2.569334478,4.333328521,0.003583165,144.7894861
PLL rinsed,G2,1.045024015,2.710470262,3.719565815,0.004463034,71.7406609
PLL rinsed,G2,1.053992383,2.526514149,4.492069869,0.004624527,124.7998185
PLL rinsed,G2,1.002748082,2.822065633,4.742757526,0.003114588,167.8229756
PLL rinsed,G1,0.907711085,2.686890601,4.443938186,0.003382702,149.846194
PLL rinsed,G1,0.947203665,2.64609662,4.122621428,0.002416502,185.0567538
PLL rinsed,G1,0.996769032,2.766353301,4.811210818,0.002902421,191.9226136
PLL rinsed,G1,0.962396502,2.627559701,4.726521341,0.003202606,182.1439527
PLL rinsed,G2,0.913961978,3.534034531,5.0956377,0.004247785,86.81662093
PLL rinsed,G2,0.938613827,2.582155689,4.103308892,0.001594505,292.9119097
PLL rinsed,G2,0.913477599,2.317650058,4.197892157,0.00378356,158.1454379
PLL rinsed,G2,0.993085812,2.658075077,3.87115164,0.002557837,148.4532101
PLL rinsed,G2,1.050976287,2.689602359,4.249656926,0.00422185,107.4727458
PLL rinsed,G1,0.973270334,2.340549531,3.934083141,0.001753299,298.6220967
PLL rinsed,G1,0.925577288,2.715368609,3.870028279,0.003073152,116.5004514
PLL rinsed,G1,0.92628664,2.822169783,5.591289062,0.003015274,227.924059
PLL rinsed,G1,0.998080825,2.773346224,4.329079114,0.001982492,226.4384917
PLL rinsed,G1,0.929748206,2.968243718,4.526561687,0.001675166,253.9252611
PLL rinsed,G1,0.970745446,3.28422605,4.649870007,0.002400627,146.1108639
PLL rinsed,G1,0.963603132,2.532403317,5.002082857,0.004106229,165.0520449
PLL rinsed,G2,0.963888818,2.271648795,4.94700508,0.002788672,280.6669785
PLL rinsed,G2,0.996684911,2.349473163,4.401696615,0.00252241,250.5795355
PLL rinsed,G2,1.003600985,2.732964254,4.895281909,0.003265927,179.5970214
PLL rinsed,G2,0.947349558,2.70460574,3.968973784,0.002972913,130.2613437
PLL rinsed,G2,0.894007352,2.771014562,4.808244674,0.005871304,94.48223026
PLL rinsed,G2,0.96957094,2.612313749,4.167453554,0.002008569,234.4476749
PLL rinsed,G2,0.939952259,2.227165255,3.748295649,0.002432433,215.8627728
PLL rinsed,G2,0.973105873,2.184411216,3.980636073,0.002593095,229.6591131
PLL rinsed,G1,0.982290131,2.585214038,4.085983728,0.003053503,151.1804087
PLL rinsed,G1,0.878561817,2.856746881,5.496420235,0.004909757,134.0025851
PLL rinsed,G2,0.938262719,2.509313306,4.0837208,0.001673483,293.395546
PLL rinsed,G2,0.941548648,2.719237735,3.655913657,0.001446454,207.181674
PLL rinsed,G2,0.93358993,3.065907915,4.741102618,0.003147875,139.5204671
PLL rinsed,G1,0.944124894,3.087281259,5.554633194,0.00499074,117.0382831
PLL rinsed,G1,0.938681992,2.669261102,4.353674315,0.003817864,127.159882
PLL rinsed,G1,0.94407555,2.55026646,4.364585052,0.004348737,124.4418727
PLL rinsed,G2,0.916052131,3.170908384,4.665855454,0.004762761,80.43745705
PLL rinsed,G2,0.919774934,2.490410396,3.888283858,0.003979277,110.953063
PLL rinsed,G1,0.983738737,2.530163758,4.361051022,0.003689517,146.4919335
PLL rinsed,G1,0.905964546,3.418527439,4.931563273,0.002492912,148.1703426
PLL rinsed,G1,0.948513081,2.706730586,5.07503682,0.003640722,173.67258
PLL rinsed,G1,0.962299197,3.026612676,4.204115257,0.002582139,128.548196
PLL rinsed,G1,0.942766056,2.621414249,4.796790504,0.005558935,108.010901
PLL rinsed,G1,0.976031972,2.987010755,3.843493932,0.001013495,252.0606039
PLL rinsed,G1,0.966586671,2.377902979,4.413152988,0.002400914,259.3115067
PLL rinsed,G1,1.012715185,2.526082884,4.030919494,0.001479369,318.5757601
PLL rinsed,G1,0.905767884,2.852216838,4.43319747,0.003533265,124.1044468
PLL rinsed,G2,1.02913169,2.543937589,4.292425415,0.002299299,229.2340407
PLL rinsed,G2,0.937013781,2.92155894,4.344740186,0.002856693,140.1191381
PLL rinsed,G2,0.926682898,2.786493371,4.045228133,0.002235012,168.3879666
PLL rinsed,G2,0.869750001,2.8308727,4.010414681,0.003656041,96.23752119
PLL rinsed,G2,0.945323276,2.462894789,4.211679943,0.005322047,100.0502627
PLL rinsed,G2,1.011319654,2.32956972,4.116747962,0.003063091,187.2885083
PLL rinsed,G2,0.982237316,2.342502121,3.618520401,0.002199896,199.6110682
PLL rinsed,G2,0.931238435,2.894326411,4.254420048,0.002694819,144.2275305
PLL rinsed,G1,0.933159207,2.939431967,4.20456752,0.002878616,124.0248014
PLL rinsed,G1,1.002711484,2.892201583,4.588854235,0.003448111,133.0183754
PLL rinsed,G1,0.9019519,2.756687984,4.625085177,0.003329127,156.5272365
PLL rinsed,G1,0.87908305,2.372566201,4.726010008,0.003285638,211.0192393
PLL rinsed,G1,0.911089712,2.492963801,4.846750121,0.004292773,155.8096718
PLL rinsed,G1,0.969603627,2.727056621,4.931932292,0.003834958,155.4597858
PLL rinsed,G1,0.947194432,2.621534509,4.601123369,0.005223095,108.4342674
PLL rinsed,G2,0.87384249,2.518728321,3.92785413,0.00280267,157.1275836
PLL rinsed,G2,0.883901783,2.194038475,3.833224878,0.003657903,151.293013
PLL rinsed,G2,0.911591947,2.586331947,4.431681823,0.004291774,125.8881619
PLL rinsed,G1,0.96306301,2.782375046,5.462752823,0.002612312,259.6353339
PLL rinsed,G1,0.904838135,2.822927904,4.791330872,0.005391376,98.78411324
PLL rinsed,G1,0.922751976,3.126901663,4.905738818,0.002137666,212.1782515
PLL rinsed,G1,0.968896497,2.804522912,4.465738156,0.005550961,84.44900154
PLL rinsed,G1,1.011723558,2.740089426,4.441637552,0.002868702,169.6547003
PLL rinsed,G1,0.984826207,2.24628972,4.060366161,0.005076419,115.7413171
PLL rinsed,G1,0.948497848,2.722441256,4.900845861,0.003139553,188.4213063
PLL rinsed,G2,0.900636781,3.018295184,4.847818959,0.002756849,173.0800116
PLL rinsed,G2,1.015099632,2.413486344,4.160811496,0.002751027,196.4731661
PLL rinsed,G2,0.939992474,2.337229073,4.229642101,0.004860725,122.9115221
PLL rinsed,G2,0.890199305,2.602679387,4.109242769,0.001897098,242.7639555
PLL rinsed,G2,0.870669742,2.363255817,4.055242053,0.00218617,245.0621542
PLL rinsed,G2,0.960302751,2.373059676,3.92091293,0.004013927,126.152575
PLL rinsed,G2,0.895932795,2.872612734,4.318210929,0.002403796,171.0238212
PLL rinsed,G2,0.944589342,2.431796407,5.17108824,0.002816991,266.3654411
PLL rinsed,G2,0.916261036,2.722980456,4.837869378,0.001716617,336.957371
PLL rinsed,G2,0.982144957,2.471202421,3.813539566,0.004014383,109.0847091
PLL air-dried,G1,0.939412609,2.61933091,4.537027411,0.003867698,143.0251856
PLL air-dried,G2,0.944844603,2.226456445,3.594802582,0.003670089,131.7622952
PLL air-dried,G2,0.882236949,2.699091239,4.600937145,0.005774721,93.00131827
PLL air-dried,G2,0.890920084,2.790244249,4.08057852,0.003647056,105.2081343
PLL air-dried,G1,0.973398867,3.057644611,4.4444736,0.003550477,106.2652687
PLL air-dried,G2,0.936821451,2.543039998,5.180379047,0.005768686,122.737293
PLL air-dried,G2,0.867901939,3.109653657,4.606355322,0.002821562,140.399736
PLL air-dried,G2,0.888989527,2.94951709,4.60986415,0.004055553,110.9473926
PLL air-dried,G1,0.973281866,2.565687445,3.959124294,0.003718287,115.6194856
PLL air-dried,G1,0.984724337,2.232513759,4.282720176,0.004528866,142.8593694
PLL air-dried,G2,0.915086398,2.485867894,4.193943803,0.003219642,163.6985105
PLL air-dried,G2,0.898734797,2.376995384,3.641332666,0.003577803,118.0373445
PLL air-dried,G2,0.942784837,2.146000972,3.668301245,0.004596222,117.6604067
PLL air-dried,G2,0.940696406,2.531554511,4.037879677,0.002991069,157.4167027
PLL air-dried,G2,0.879557832,2.796468743,4.69099873,0.003318055,156.980659
PLL air-dried,G1,0.973318798,2.680166846,3.992248048,0.003005151,133.8413898
PLL air-dried,G1,0.93946345,2.803328938,4.098048624,0.003281865,116.786287
PLL air-dried,G2,0.949885191,2.48627371,4.406088939,0.00508654,113.2857693
PLL air-dried,G2,0.920477717,2.176871581,3.989590478,0.004702921,129.7925515
PLL air-dried,G2,0.914182854,2.278906796,3.345264479,0.0028646,132.4692669
PLL air-dried,G1,0.901643204,2.328354137,4.012428909,0.004363501,123.7422483
PLL air-dried,G2,0.832938932,2.063300536,3.834501132,0.004248866,147.0017574
PLL air-dried,G1,0.950420513,2.548739029,4.555793732,0.004222063,138.4944582
PLL air-dried,G2,0.953431441,2.637106611,4.124150063,0.004275555,105.4779623
PLL air-dried,G1,1.013978323,2.369979957,3.629645816,0.002538931,169.4147513
PLL air-dried,G1,0.968837255,2.727143275,4.141655648,0.003975389,106.0310173
PLL air-dried,G2,0.970070806,2.177374869,4.472643181,0.005543896,129.0207176
PLL air-dried,G2,0.972164633,2.350197466,4.924384952,0.00312927,237.7436574
PLL in-chamber,G1,0.928177601,2.288318602,4.458517529,0.003098897,213.8304664
PLL in-chamber,G1,0.930917835,2.488572995,3.94950804,0.003692913,126.1627297
PLL in-chamber,G1,0.930962176,2.227856603,3.986811303,0.004612488,125.197774
PLL in-chamber,G1,0.946922189,2.030218036,4.029728604,0.003646201,186.6716627
PLL in-chamber,G1,0.958583009,1.938933124,3.707093517,0.003491702,184.1411511
PLL in-chamber,G1,1.058225174,2.214855803,4.300285089,0.002020671,326.1240338
PLL in-chamber,G1,0.968809389,2.227023571,3.723283196,0.002181723,237.62889
PLL in-chamber,G1,0.998323894,2.251189513,4.266118881,0.003871155,163.9855407
PLL in-chamber,G1,0.966274018,2.487167692,3.619529287,0.001891168,200.525907
PLL in-chamber,G2,0.89902143,2.465922305,3.52297984,0.002278767,158.3333452
PLL in-chamber,G1,0.911023433,2.523217135,4.489911605,0.004108899,141.2225822
PLL in-chamber,G1,0.969914195,2.236358129,3.738692083,0.003739796,136.2174723
PLL in-chamber,G1,0.924653545,2.573849628,3.963514138,0.002721367,160.074362
PLL in-chamber,G1,0.957850198,2.716258974,3.45342106,0.001715488,142.1158844
PLL in-chamber,G1,0.904243445,2.426999026,4.643775044,0.002288309,283.6002431
PLL in-chamber,G2,0.881230023,2.036976663,3.780632594,0.002706411,226.6941219
PLL in-chamber,G2,0.935613642,2.180629624,3.939207369,0.003262469,179.8608961
PLL in-chamber,G2,1.019162561,2.598325109,3.996926359,0.003336535,130.2293338
PLL in-chamber,G2,0.892092316,2.354476119,3.851688912,0.003465548,143.2528749
PLL in-chamber,G1,1.010696639,2.054701883,3.673812182,0.002843207,202.6739292
PLL in-chamber,G1,0.997089201,2.624119235,3.589689933,0.000851291,372.5385915
PLL in-chamber,G1,0.937872518,2.653045646,4.051599105,0.002870717,148.8059491
PLL in-chamber,G1,0.913353102,2.831331542,3.859486336,0.002373595,132.0044809
PLL in-chamber,G2,0.93776058,2.704908897,3.938563068,0.00341454,111.1281749
PLL in-chamber,G2,0.942654108,2.277985853,4.051966921,0.004252232,136.4719318
PLL in-chamber,G2,0.932644699,2.386163012,3.593624288,0.001766261,230.0898254
PLL in-chamber,G1,0.909213259,2.401375075,4.096312428,0.004173175,128.9710119
PLL in-chamber,G1,0.89898252,2.755995978,4.864967281,0.002388584,239.4372983
PLL in-chamber,G1,0.94240385,2.277988685,4.244436566,0.002564916,240.9185554
PLL in-chamber,G2,0.91169957,3.094720446,4.627631189,0.003093382,131.1134757
PLL in-chamber,G2,0.856028098,2.636920886,4.113451598,0.003300299,134.0342384
PLL in-chamber,G2,0.8841463,3.251598327,4.300463716,0.001066534,265.0233298
PLL in-chamber,G2,0.913786956,2.420937775,4.599000143,0.002980669,216.6705582
PLL in-chamber,G2,0.888781628,3.190995953,4.858144884,0.002561311,162.8832745
PLL in-chamber,G2,0.977191782,2.202153291,3.983580815,0.002243854,266.19236
PLL in-chamber,G2,0.875401209,2.185916786,4.357167012,0.005210022,131.5200581
PLL in-chamber,G2,0.897942944,2.761013327,4.441619869,0.003770645,127.0471846
PLL in-chamber,G2,1.012920079,2.213494617,3.286402842,0.002766271,144.5082881
PLL in-chamber,G2,0.960717697,2.069191506,3.75949458,0.003726892,161.520952
PLL in-chamber,G2,0.896583051,2.200556709,3.140177922,0.002073131,173.7100683
PLL in-chamber,G2,0.910837801,2.10048704,3.549333612,0.002788148,189.8618002
PLL in-chamber,G2,0.900810518,2.357078482,3.748598769,0.003110207,150.540076
PLL in-chamber,G2,0.876434402,2.68558002,4.38245106,0.003760684,131.1216261
PLL in-chamber,G2,0.874252194,2.37929529,3.536668556,0.002146869,186.5938965
Cell-Tak,G1,0.944373495,2.567283773,4.980923328,0.005612423,117.3965751
Cell-Tak,G1,0.979791499,2.35445044,4.539294602,0.002025494,322.0083133
Cell-Tak,G1,0.914995306,2.994045287,5.465410328,0.005477915,110.472565
Cell-Tak,G1,0.938217689,2.391251187,4.6858732,0.004381333,154.5023483
Cell-Tak,G1,0.921720189,3.025826272,4.893815894,0.004018573,120.4652684
Cell-Tak,G1,0.954217372,2.702432196,4.65449637,0.003296685,165.1652934
Cell-Tak,G2,0.968616749,2.541735844,3.695603507,0.002771368,136.4808741
Cell-Tak,G2,0.960396805,2.180890752,4.390757522,0.003091704,227.8239298
Cell-Tak,G2,0.940503894,2.126072395,3.607265098,0.002666389,200.0413849
Cell-Tak,G2,0.996861622,2.322803177,3.530655866,0.002844125,145.708428
Cell-Tak,G2,0.90631668,2.502206511,3.542965646,0.002385798,147.4540979
Cell-Tak,G2,0.963414362,3.096075832,4.542188752,0.00473681,80.23308951
Cell-Tak,G2,0.92246512,2.496501433,4.002274878,0.004529791,103.3105013
Cell-Tak,G2,0.922511362,2.756963817,4.497035704,0.006083726,79.83065101
Cell-Tak,G2,0.943511227,2.676412626,4.571338904,0.004888181,108.7519852
Cell-Tak,G1,0.867817121,2.613508492,5.921491175,0.005553055,147.9777183
Cell-Tak,G1,0.935434643,3.345474028,4.4409203,0.001459659,196.1052705
Cell-Tak,G1,0.913092629,2.732234935,5.403252329,0.004641241,147.7078781
Cell-Tak,G1,0.908337481,2.64915535,4.631857433,0.005335238,104.0158785
Cell-Tak,G1,0.999659027,2.654130144,4.336008721,0.002387191,204.0376042
Cell-Tak,G2,0.929482157,2.546255768,3.845385675,0.001828845,227.5671349
Cell-Tak,G2,0.989940847,2.779482841,4.505849284,0.00251891,193.2247795
Cell-Tak,G2,0.916054869,3.345330042,4.866095381,0.005527752,68.18630207
Cell-Tak,G2,0.924850418,2.544527994,4.411062072,0.003764999,147.1734931
Cell-Tak,G2,0.910773163,3.027527117,5.229169093,0.004887553,112.4928544
Cell-Tak,G2,0.901122143,3.059428661,4.456674557,0.004523644,83.44619526
Cell-Tak,G2,0.903787411,2.45962788,4.330529988,0.004121361,136.2711129
Cell-Tak,G2,1.011041341,2.379150102,4.358441021,0.004311209,141.3949548
Cell-Tak,G1,0.93175376,2.799614277,5.32835623,0.00495709,130.5482591
Cell-Tak,G1,0.91943219,2.742578084,4.81322471,0.003916319,144.554554
Cell-Tak,G1,0.937039059,2.446663803,3.73994839,0.003920409,109.2850239
Cell-Tak,G1,0.938003209,2.563538932,3.710801163,0.003912583,93.53561097
Cell-Tak,G1,0.923574997,2.59099998,3.770529986,0.00350353,108.1876415
Cell-Tak,G2,0.969068335,2.172722017,3.510137976,0.002300268,206.5336117
Cell-Tak,G2,0.889908009,1.962127699,3.887002009,0.004164613,162.9263529
Cell-Tak,G1,0.905929043,2.523709656,4.991720626,0.004113001,166.7933307
Cell-Tak,G1,0.927121856,3.665213828,4.949834304,0.004208888,72.03791816
Cell-Tak,G1,0.968805381,3.143430893,5.252999335,0.004491141,115.0421913
Cell-Tak,G1,0.905776732,2.473918258,4.139189905,0.002726846,190.2370599
Cell-Tak,G1,0.917004466,2.353077689,5.286049616,0.003963417,205.2788957
Cell-Tak,G1,0.94063821,2.318271555,3.759728542,0.002228453,218.9176889
Cell-Tak,G2,0.956220381,2.900411888,4.433394838,0.00444971,96.13360071
Cell-Tak,G2,0.925433403,3.311306695,4.616595672,0.002152009,155.8261105
Cell-Tak,G2,1.143387159,2.3618424,3.948549225,0.003662819,141.461884
Cell-Tak,G1,0.969268002,2.598679632,3.960490455,0.002979393,142.7203428
Cell-Tak,G1,0.949873668,2.847925354,4.723115156,0.004076055,123.2497288
Cell-Tak,G1,0.914231073,2.665831201,4.108422693,0.001907415,228.7291757
Cell-Tak,G2,0.89223269,2.569061161,3.863488019,0.004270602,96.45712444
"Gel pad, LB",G1,1.082212002,2.922105222,4.789101038,0.008563684,58.0902403
"Gel pad, LB",G1,1.063298097,4.641485843,6.345598304,0.007570132,41.59552976
"Gel pad, LB",G1,1.13507379,3.572241673,5.413080864,0.009108523,45.93811343
"Gel pad, LB",G1,1.176043826,3.416169757,6.354588412,0.008557869,72.86728914
"Gel pad, LB",G1,1.103296817,2.647129342,4.914894907,0.007875742,79.05026039
"Gel pad, LB",G1,1.037212715,2.677999392,4.972473114,0.008514854,73.11791785
"Gel pad, LB",G1,1.026358233,3.50946233,5.328709597,0.008118326,51.79636676
"Gel pad, LB",G1,0.957737712,3.977105307,5.56803701,0.006912465,49.04268785
"Gel pad, LB",G1,1.071688689,3.427543729,5.995138144,0.008704112,64.57025821
"Gel pad, LB",G1,0.986576366,3.086755387,5.404702397,0.008930168,63.08882703
"Gel pad, LB",G1,1.020295435,2.882953028,5.353745005,0.007467092,83.359878
"Gel pad, LB",G1,1.125903037,2.950145705,4.591621015,0.008807928,50.61053734
"Gel pad, LB",G1,1.051498542,2.767170479,4.239293324,0.006474054,66.44856756
"Gel pad, LB",G1,1.156616852,2.784254711,7.328601673,0.008791232,110.496748
"Gel pad, LB",G1,1.082042267,3.217064907,5.498012042,0.007294039,73.90013269
"Gel pad, LB",G1,1.036019987,4.119497131,6.497392921,0.007902116,57.97185776
"Gel pad, LB",G1,1.049659964,4.282845329,7.287530734,0.007295575,72.53917838
"Gel pad, LB",G1,1.013635861,3.535902451,7.210146845,0.0088575,80.76239072
"Gel pad, LB",G1,1.087320831,3.522341336,6.656264445,0.008724918,73.27009583
"Gel pad, LB",G1,1.077277038,3.941499089,5.163365837,0.008652262,31.50249909
"Gel pad, LB",G2,0.978749421,2.817059722,5.279909935,0.007719351,81.84256356
"Gel pad, LB",G2,0.963518841,3.682117643,9.330401412,0.010283028,90.68433313
"Gel pad, LB",G2,1.01281431,3.525044033,5.21189131,0.011403932,34.5399069
"Gel pad, LB",G2,1.021646253,3.645969454,5.079937405,0.009368396,35.59939481
"Gel pad, LB",G2,0.927170029,3.67968264,6.479657721,0.009269511,61.33684231
"Gel pad, LB",G2,0.979369839,3.582473945,5.771621518,0.008023498,59.78623178
"Gel pad, LB",G2,0.983353183,3.230020468,4.780409005,0.007657242,51.60322441
"Gel pad, LB",G2,0.982139443,2.708292488,4.503314314,0.008239542,62.16298158
"Gel pad, LB",G2,1.000041967,3.042407305,4.775551182,0.009047684,49.46888708
"Gel pad, LB",G2,1.076304603,2.906734244,5.407886753,0.009462412,65.97413129
"Gel pad, LB",G2,1.01402826,3.700718591,6.641417032,0.008644821,67.96024537
"Gel pad, LB",G2,0.949698374,2.57579657,5.31816424,0.008789661,82.92233442
"Gel pad, LB",G2,1.061576546,2.755238824,5.843663651,0.008115825,93.08848504
"Gel pad, LB",G2,1.032563348,3.203167328,5.043605336,0.008093916,56.47548636
"Gel pad, LB",G2,1.012531004,4.727154546,7.837392972,0.012462848,40.73711486
"Gel pad, LB",G2,0.999766968,3.54660593,5.331866664,0.006575631,62.43262792
"Gel pad, LB",G2,0.96824184,4.047723665,7.734740892,0.0082882,78.42968522
"Gel pad, LB",G2,0.943272024,3.90568743,6.816510398,0.009768715,57.27237621
"Gel pad, LB",G2,0.959035718,3.899201944,5.390510934,0.009295509,34.98763923
"Gel pad, LB",G1,1.058063876,2.990633354,5.02522716,0.008598054,60.74123106
"Gel pad, LB",G1,1.167913345,2.881988792,5.837045542,0.008094402,86.76124351
"Gel pad, LB",G1,1.054207295,3.286688856,5.123406355,0.007991402,55.93337743
"Gel pad, LB",G1,1.132658645,3.068832253,4.920202247,0.007703572,60.85479161
"Gel pad, LB",G1,0.991435297,3.332184634,6.246185825,0.008152605,77.44131494
"Gel pad, LB",G1,1.134656788,2.776742799,5.120193779,0.008346908,73.7424642
"Gel pad, LB",G1,1.093208692,2.96407003,5.167551842,0.008211809,68.09890014
"Gel pad, LB",G1,1.160369144,2.908812136,5.480117985,0.007364868,86.46802091
"Gel pad, LB",G1,1.051276901,3.206821174,4.9206619,0.006561253,65.73228125
"Gel pad, LB",G2,1.086454979,3.222532016,5.979302863,0.009907912,62.701865
"Gel pad, LB",G2,1.041202686,2.932994799,4.518621351,0.008945369,48.69538972
"Gel pad, LB",G2,1.054671585,2.913402737,6.159680473,0.010318321,72.89378747
"Gel pad, LB",G2,0.95229499,2.791532618,4.759082339,0.008131342,66.04724864
"Gel pad, LB",G2,1.074248799,2.858480671,5.196460824,0.009586076,62.715136
"Gel pad, LB",G2,1.128179074,3.062218107,5.287967585,0.009851115,55.36012741
"Gel pad, LB",G2,0.944868446,3.024951675,5.0743391,0.006987958,74.50137623
"Gel pad, LB",G2,0.997053003,2.931525146,5.353049054,0.008077319,74.97048711
"Gel pad, LB",G2,0.958262295,2.737974768,4.980767024,0.008988364,66.59856828
"Gel pad, LB",G2,1.060900106,2.894649874,4.586594705,0.006390649,72.56451372
"Gel pad, LB",G2,0.977893661,3.032489711,5.229021809,0.007751455,70.71489229
"Gel pad, LB",G2,0.960129863,3.479588817,5.65765602,0.009527191,51.32400361
"Gel pad, LB",G2,0.965864943,3.306098443,5.037907931,0.00837154,50.38969173
"Gel pad, LB",G2,0.963498433,2.792869061,5.087346719,0.008849089,68.17357399
"Gel pad, LB",G1,1.042439707,2.855933093,5.206843039,0.007706471,77.54237511
"Gel pad, LB",G1,0.978341717,2.911046686,4.959329466,0.007134915,75.15141739
"Gel pad, LB",G1,1.001379351,2.762912486,5.193324443,0.007175321,88.45800557
"Gel pad, LB",G1,0.993795187,3.510185287,5.610205124,0.007753511,60.84616311
"Gel pad, LB",G1,0.993799388,3.144350513,6.192240079,0.006966084,97.74142224
"Gel pad, LB",G1,1.141943644,3.232853165,5.889676422,0.00967438,62.32275387
"Gel pad, LB",G1,1.08708201,2.830329138,4.626513725,0.007451412,66.42365886
"Gel pad, LB",G1,0.971664331,4.628133677,6.437810134,0.008242826,39.77717891
"Gel pad, LB",G1,0.992913011,3.895715286,6.063481834,0.007705634,57.74698197
"Gel pad, LB",G1,1.03399853,4.016234229,5.711410676,0.008802371,40.28622988
"Gel pad, LB",G1,1.045839131,4.330701637,6.57425224,0.009271532,44.77413671
"Gel pad, LB",G1,1.059971211,3.304970178,4.927031108,0.007697639,52.26790642
"Gel pad, LB",G1,1.006469656,3.458962862,7.339819067,0.009427753,80.10823554
"Gel pad, LB",G1,1.060391232,3.133671972,6.696724643,0.007054284,108.1058391
"Gel pad, LB",G1,0.938370928,3.031899571,5.427556984,0.006564355,88.20469149
"Gel pad, LB",G1,1.113506404,3.333028271,5.372630947,0.008126063,59.12349043
"Gel pad, LB",G1,1.218190302,3.030090067,5.797426583,0.009137891,71.36520817
"Gel pad, LB",G1,1.008227043,2.698622964,5.160094015,0.00770673,84.47631094
"Gel pad, LB",G1,1.061002106,3.027209534,4.981853842,0.007292861,68.76172436
"Gel pad, LB",G1,1.08413425,3.002169012,5.334233613,0.006648863,86.95421559
"Gel pad, LB",G1,1.180115339,3.014256946,4.636597297,0.007829795,55.42297044
"Gel pad, LB",G1,0.977470359,3.208776267,6.113062373,0.007867543,82.32042832
"Gel pad, LB",G1,1.056062291,3.079807711,5.607478818,0.007260169,82.98516329
"Gel pad, LB",G2,0.999799388,4.016373012,7.075850404,0.010205405,55.24736048
"Gel pad, LB",G2,0.967198578,4.051661175,6.093286075,0.009130117,44.42390773
"Gel pad, LB",G2,1.015372032,2.839788465,4.722579467,0.007363828,69.54985535
"Gel pad, LB",G2,1.003132308,2.996124486,6.56051782,0.008166871,96.37633667
"Gel pad, LB",G2,0.878124636,3.064578691,6.004529703,0.008182867,82.59604205
"Gel pad, LB",G2,1.028500267,3.005723586,5.053986613,0.008200519,63.77541966
"Gel pad, LB",G2,1.099263632,2.559567695,4.437558704,0.008109041,68.34107224
"Gel pad, LB",G2,0.987861551,3.124738853,5.647843098,0.009022367,65.96144671
"Gel pad, LB",G2,0.990496123,3.568746503,8.032092064,0.009475843,85.90651946
"Gel pad, LB",G2,0.985910773,3.067660749,6.044307045,0.009435067,72.22701422
"Gel pad, LB",G1,1.098591011,4.276956922,6.22170063,0.008259218,45.66320779
"Gel pad, LB",G1,1.29331566,4.251296292,5.762859272,0.007149603,42.87857496
"Gel pad, LB",G2,1.10731831,3.505943017,5.38200066,0.008078833,53.40585974
"Gel pad, LB",G2,1.035899424,3.427348197,5.888919613,0.007844566,69.37384579
"Gel pad, LB",G1,1.111247744,4.039569972,7.888966013,0.008731462,76.94077033
"Gel pad, LB",G1,1.125194023,3.10940376,5.529516707,0.007571209,76.45947625
"Gel pad, LB",G1,1.121379644,4.394965932,6.704302516,0.008014064,52.97782208
"Gel pad, LB",G1,1.145613074,3.002919131,4.680754296,0.005823658,76.79195404
"Gel pad, LB",G1,1.126174043,3.420591818,5.065134593,0.005815699,68.0047072
"Gel pad, LB",G1,1.034304355,3.514020567,7.498856999,0.006682781,113.8507338
"Gel pad, LB",G2,0.982168314,3.026048556,5.205132141,0.009096383,59.85613773
"Gel pad, LB",G2,1.08543795,2.934395715,6.22888108,0.00745881,101.3712494
"Gel pad, LB",G2,0.916362224,5.106271968,7.831103233,0.010444165,41.1324521
"Gel pad, LB",G2,0.969959205,4.126922119,5.914544463,0.010269938,35.27856474
"Gel pad, LB",G2,1.037894941,2.984098781,4.67850148,0.007647821,59.23736967
"Gel pad, LB",G2,0.943449425,4.016078639,8.366495551,0.010548191,69.34290672
"Gel pad, LB",G2,0.988630924,4.496574664,7.519076537,0.009078177,56.87857877
"Gel pad, LB",G2,0.997663507,2.811610803,5.33524169,0.008115791,79.36868356
"Gel pad, LB",G2,0.977743163,3.127321756,5.340593929,0.006673772,80.66841595
"Gel pad, LB",G2,1.087542674,3.201866328,5.745008185,0.008596188,68.37048086
"Gel pad, LB",G2,1.085411798,4.06211078,6.865540301,0.010072305,52.34916918
"Gel pad, LB",G2,0.912526239,2.62724912,4.488594844,0.007967599,67.70118775
"Gel pad, LB",G2,0.864307262,2.793407443,5.021787345,0.007981856,73.09566649
"Gel pad, LB",G2,1.134139367,2.640056374,4.71430605,0.007859786,74.25093789
"Gel pad, LB",G2,0.99653703,2.557052842,5.558594755,0.008339519,93.57954146
PEI,G1,0.986140004,2.753919905,3.840284432,0.004214858,79.75569909
PEI,G1,1.00625984,3.657759829,4.652350407,0.001378316,176.4902787
PEI,G1,0.965902915,2.877244928,4.894375347,0.003220161,163.8998604
PEI,G1,1.012321199,2.53700273,3.964571539,0.003096372,142.9029082
PEI,G1,0.981773972,2.591316891,4.366230301,0.003450854,152.3102192
PEI,G1,0.977627788,2.487756708,4.479607048,0.003675788,161.1033466
PEI,G1,0.956568302,2.430981672,4.678792338,0.001823623,356.7841695
PEI,G1,0.923772432,2.597074815,3.81308869,0.00254764,152.2631724
PEI,G2,0.946211648,2.780437094,4.473978608,0.00339559,141.1457316
PEI,G2,0.95599321,2.747058975,4.216519544,0.003818869,113.15551
PEI,G2,0.950875811,2.340734242,3.566102157,0.00380274,109.5908271
PEI,G2,0.920247919,2.694250054,4.54840068,0.002537864,207.8024492
PEI,G2,1.055818729,2.449982016,3.80435381,0.001918867,230.0940944
PEI,G2,0.9784113,2.51441668,4.48871934,0.002326027,247.4422348
PEI,G1,1.02665895,2.373989657,4.063877647,0.004921749,109.6184934
PEI,G1,0.991907913,3.260785816,4.467796251,0.0020846,152.5465347
PEI,G2,1.020954662,2.680156234,4.653277125,0.002771618,200.4009081
PEI,G2,0.958955519,2.383366447,4.531418853,0.002719461,237.8139759
PEI,G1,1.03914445,2.27886538,3.587529762,0.001992893,229.9090063
PEI,G1,0.984412405,2.465893761,3.864421606,0.002333889,190.7590962
PEI,G1,0.939849144,2.651297363,3.973107479,0.002205235,185.1405403
PEI,G1,0.958139403,2.516650494,4.667698948,0.002795133,219.5858535
PEI,G1,0.856384472,3.260364704,4.533497178,0.004525098,72.17348837
PEI,G2,0.931284212,2.50929472,5.219475047,0.004024875,182.9593029
PEI,G2,0.926933113,2.861372674,4.888856977,0.002725966,197.7860437
PEI,G2,0.903886288,2.972817123,4.696818463,0.004420921,104.2191911
PEI,G2,0.928928955,2.545970904,4.83542847,0.002939989,219.5223336
PEI,G2,0.91358261,2.615285918,4.425482756,0.00254691,205.0286817
PEI,G1,0.887310263,2.932279398,4.735497475,0.003555918,135.7519539
PEI,G1,0.947147339,3.174814747,4.449651868,0.003316694,102.7322328
PEI,G2,0.943840105,2.847688541,4.700000393,0.00191676,263.2425784
PEI,G2,0.929109372,2.666153488,4.210868451,0.002753891,167.3232189
PEI,G1,1.002105217,2.444360462,4.215000721,0.001819206,299.0530976
PEI,G1,0.942338628,2.455043352,4.359932308,0.004267848,135.5234857
PEI,G1,0.958641306,2.856838753,5.202629448,0.002068718,291.4631006
PEI,G2,0.888668401,3.311104447,4.666262273,0.001445949,239.3592471
PEI,G2,0.94851547,3.119273108,4.684331313,0.001592258,257.3918326
PEI,G2,0.911990107,3.04454738,4.661649079,0.00496453,86.47485486
PEI,G2,0.927423782,2.619908975,5.030354981,0.002927469,224.1442271
PEI,G2,0.990930027,2.717619258,4.84634681,0.003849206,149.3284845
PEI,G1,0.962953766,2.531944277,4.670011309,0.004915435,125.346259
PEI,G1,0.958454406,2.773488515,4.693000455,0.005220355,101.4448762
PEI,G1,1.00798899,2.527475766,4.187458356,0.004371266,114.5947686
PEI,G1,0.910459559,3.637206306,4.555959209,0.002232228,102.1281757
PEI,G2,0.91929779,2.681921668,4.443638803,0.004115767,123.5919397
PEI,G2,0.93871908,2.354550097,4.381158923,0.005530419,111.5151497
PEI,G2,0.898048735,2.915178874,4.795134682,0.003790884,132.1873436
PEI,G1,0.942130193,2.3261102,4.52645455,0.00388281,172.5682994
PEI,G1,0.94711933,2.63259928,4.595000839,0.003833666,145.3240342
PEI,G1,0.910075828,2.661831852,4.485095922,0.003690207,142.4064486
PEI,G1,1.002527502,2.683080903,4.444500435,0.004891374,102.4214482
PEI,G1,0.968162057,3.010852499,4.502769512,0.0049627,80.43073224
PEI,G2,0.950193225,2.314388032,4.006276619,0.003560634,155.322646
PEI,G2,0.953902846,2.583134423,4.5582264,0.00311349,183.6552571
PEI,G2,0.945684377,2.638831427,4.367654637,0.003135964,161.8917904
PEI,G2,0.902939796,2.541433142,3.931187467,0.002646662,165.7258368
PEI,G2,0.967665435,2.475476065,4.248277522,0.001932896,281.5095551
PEI,G1,0.904566083,3.029293161,4.240733347,0.004544697,74.749421
PEI,G1,0.923160602,2.774578156,3.806242971,0.004529541,69.00173621
PEI,G2,0.917390292,2.912819581,4.586684715,0.002763296,165.5541044
PEI,G1,0.904944333,2.496125194,4.352593572,0.004611821,119.8614359
PEI,G1,0.931896262,2.352156546,4.662833151,0.003751231,183.5533997
PEI,G1,1.054117015,2.769640211,4.253707245,0.002318828,186.5988583
PEI,G1,0.973733889,2.293446174,3.468089415,0.003651304,112.1247975
PEI,G1,0.908990367,2.471797984,5.844680209,0.004095937,211.0969854
PEI,G2,0.956961779,2.755934025,4.526966135,0.00421628,118.5715289
PEI,G2,0.908282237,2.214821292,3.589837386,0.001359626,351.9348926
PEI,G2,1.077630962,2.343133642,4.278524148,0.002990977,202.74175
PEI,G2,0.876528152,3.540844385,4.604997944,0.002753138,96.47363358
PEI,G1,1.019834358,2.74209087,4.556717548,0.003347646,152.8045087
PEI,G1,0.956041454,2.713678658,3.944123676,0.003901632,96.78347475
PEI,G1,0.947106583,2.088380277,4.792111377,0.003636607,227.0812995
PEI,G1,0.980005497,2.959329817,4.604643521,0.003206575,138.9293223
PEI,G2,1.015777534,2.548582305,4.302165865,0.00347366,149.6016328
PEI,G2,0.938388985,2.834164599,4.320987884,0.002109648,201.5840504
PEI,G2,0.94737597,2.621519904,4.118213803,0.003471799,128.9987981
PEI,G1,1.026534589,2.034415081,4.735643582,0.004068225,206.4797341
PEI,G1,0.928579311,2.649561304,4.322050281,0.00414743,117.0770161
PEI,G1,0.962311864,3.400824518,4.30382089,0.002461614,96.85924573
PEI,G1,0.89848616,2.911412443,5.075270671,0.005346334,103.3067997
PEI,G2,1.013842136,2.877060369,3.798258319,0.0023346,120.472647
"Gel pad, MM9",G1,0.966007499,2.816739546,3.916678693,0.004547871,73.26956212
"Gel pad, MM9",G1,0.909853768,2.469660695,5.425460235,0.003059125,255.9493311
"Gel pad, MM9",G1,0.952484636,2.504934081,4.61339838,0.004700481,129.0757568
"Gel pad, MM9",G1,0.904880152,3.279904955,4.919238235,0.003083343,132.4512766
"Gel pad, MM9",G1,0.987311802,2.424115896,4.268173964,0.002397509,237.6854118
"Gel pad, MM9",G1,0.950696139,2.520436962,4.299745531,0.002510168,214.3677383
"Gel pad, MM9",G1,0.913391988,2.597829978,4.538959946,0.004112494,136.627139
"Gel pad, MM9",G1,0.894907185,2.523530547,4.487367438,0.004172112,138.917154
"Gel pad, MM9",G1,0.928704934,2.714395856,4.025060383,0.002358401,168.6148166
"Gel pad, MM9",G1,0.913711581,2.961874902,4.859865134,0.003037686,164.1282843
"Gel pad, MM9",G1,0.972263697,2.484708374,4.512004418,0.003559868,168.7194298
"Gel pad, MM9",G1,0.942597063,2.469862897,4.610283373,0.003982435,157.738589
"Gel pad, MM9",G1,0.964007731,2.64185693,4.43854212,0.001918786,268.4331767
"Gel pad, MM9",G1,0.954687578,2.381097241,5.639676331,0.003639454,238.0779539
"Gel pad, MM9",G1,0.949026574,2.355085266,3.966401351,0.005072413,103.6069854
"Gel pad, MM9",G1,0.910093485,2.310644741,4.225068501,0.005731964,104.5349295
"Gel pad, MM9",G1,1.053585824,3.615633564,6.332364389,0.003021677,184.5480389
"Gel pad, MM9",G1,0.98871585,2.701363071,5.069677593,0.002939795,212.8807265
"Gel pad, MM9",G1,0.954742744,2.279469891,3.830579218,0.003902824,131.8777791
"Gel pad, MM9",G1,0.929181223,2.625591259,4.357486922,0.00374747,136.1999755
"Gel pad, MM9",G1,0.950658574,2.581660543,3.722255511,0.002923441,126.4872591
"Gel pad, MM9",G2,0.899631942,2.351426624,3.596974386,0.00365082,117.5989623
"Gel pad, MM9",G2,0.92227548,2.133508181,3.134922936,0.002486069,156.6871823
"Gel pad, MM9",G2,0.929111227,2.118765381,3.222144554,0.003826418,108.3271423
"Gel pad, MM9",G2,0.849322895,2.765631576,4.21981713,0.002255761,185.7083046
"Gel pad, MM9",G2,0.887556094,2.383327356,4.743676549,0.003591006,190.5114732
"Gel pad, MM9",G2,0.878046288,2.453664427,4.497853796,0.002653601,226.8428751
"Gel pad, MM9",G2,0.911094167,2.307653289,4.840497916,0.002771453,268.858717
"Gel pad, MM9",G2,0.925958004,2.409722034,3.733265489,0.003693758,117.3955211
"Gel pad, MM9",G2,0.868857883,2.657385102,4.379813125,0.002495851,201.708259
"Gel pad, MM9",G2,0.828105561,2.385555228,5.498991599,0.004983537,168.4212551
"Gel pad, MM9",G2,0.929478087,2.802760759,4.208742746,0.00331786,123.6138142
"Gel pad, MM9",G2,0.908004279,2.396694059,4.237954643,0.003315344,173.1861377
"Gel pad, MM9",G2,0.853991564,2.958349776,4.686214707,0.003285539,141.0361017
"Gel pad, MM9",G2,0.927364205,2.062728776,3.347998078,0.003316571,147.4995033
"Gel pad, MM9",G2,0.932658218,2.236105192,4.190802279,0.00325581,194.3107062
"Gel pad, MM9",G2,0.894974988,2.614653096,4.497437212,0.002505514,218.0025086
"Gel pad, MM9",G2,0.870743005,3.037369584,4.536686699,0.002993367,135.1330362
"Gel pad, MM9",G2,0.847533306,2.445277158,4.482660671,0.004015686,151.9432154
"Gel pad, MM9",G2,0.830264506,2.203847744,4.310882886,0.005003509,133.1886722
"Gel pad, MM9",G2,0.817814833,2.300543774,4.279361422,0.004398046,142.1118693
"Gel pad, MM9",G2,0.892685079,2.321439791,4.297304258,0.005332485,114.6748418
"Gel pad, MM9",G2,0.958141121,2.623707267,4.416331956,0.002889213,181.5511448
