Time(min),Mean,Standard Deviation,1_1,1_10,1_11,1_12,1_13,1_14,1_15,1_16,1_17,1_18,1_19,1_2,1_20,1_21,1_22,1_23,1_24,1_25,1_26,1_27,1_28,1_3,1_30,1_31,1_32,1_33,1_34,1_4,1_5,1_6,1_7,1_8,1_9,2_1,2_10,2_11,2_12,2_13,2_14,2_16,2_17,2_18,2_19,2_2,2_20,2_21,2_22,2_23,2_24,2_25,2_26,2_27,2_28,2_29,2_3,2_30,2_31,2_32,2_33,2_4,2_5,2_6,2_7,2_8,2_9
0,,,8.629665476,8.884267979,8.513244475,,,,,,,,,8.447682714,,,,,,,,,,,,,,,,,,,,,,,,,,,,,,,,,,,,,,,,,,,,,,,,,,,,,
5,,,8.942768156,8.848042212,8.716260958,,,,,,,,,8.572241281,,,,,,,,,,9.00707225,,,,,,,,,,,,,,,,,,,,,,,,,,,,,,,,,,,,,,,,,,,
10,,,8.85453415,9.130758883,8.859803924,,,,,,,,,8.471956908,,,,8.885416125,8.623268498,,,,,8.807203947,,,,,,,,,,,,,,,,,,,,,,,,,,,,,,,,,,,,,,,,,,,
15,,,8.756098207,9.154632673,8.850293625,,,,,,,,,8.270955199,,,,8.671368128,8.627801437,,,,,8.705597361,,,,,,,,,,,,,,,,,,,,,,,,,,,,,,,,,,,,,,,,,,,
20,,,8.952886033,9.380370435,8.54182751,,,,,,,,,8.499799768,,,,9.174367062,8.5522686,,,,,8.768227577,,,,,,,,,,,,,,,,,,,,,,,,,,,,,,,,,,,,,,,,,,,
25,,,8.555503994,8.529211643,9.135330926,9.294151613,,,,,,,,8.343083635,,,,8.854126806,8.588687132,,,,,8.561050792,,,,,,,,,,,,,,,,,,,,,,,,,,,,,,,,,,,,,,,,,,,
30,,,8.595318083,9.15387107,8.783640939,9.14305319,,,,,,,,8.346474218,,,,9.015224064,8.464227985,,,,,8.741044241,,,,,,,,,,,,,,,,,,,,,,,,,,,,,,,,,,,,,,,,,,,
35,,,8.658022893,9.080922442,8.606606875,8.968517708,,,,,,,,8.222182028,,,,8.941161031,8.584460456,,,,,8.746072942,,,,,,,,,,,,,,,,,,,,,,,,,,,,,,,,,,,,,,,,,,,
40,,,8.594073584,9.057864856,8.418922017,8.805816707,,,,,,,,,,,,8.686988519,8.607631591,,,,,8.763946485,,,,,,,,,,,,,,,,,,,,,,,,,,,,,,,,,,,,,,,,,,,
45,,,8.697366019,8.786466564,8.633593912,9.087318149,,,,,,,,8.253010071,,,,8.547646714,8.744175919,,,,,8.831704042,,,,,,,,,,,,,,,,,,,,,,,,,,,,,,,,,,,,,,,,,,,
50,8.62793885,0.209850953,8.61005294,8.615489843,8.521596499,8.820779894,,,,,,,,8.242944892,,,,8.315216969,8.643157009,,8.704734669,8.668868131,,8.803469438,,8.576144337,,,,,,9.012811582,,,,,,,,,,,,,,,,,,,,,,,,,,,,,,,,,,,
55,8.729049809,0.447661495,8.505653623,8.460639649,8.193256511,8.486261093,,,,,,9.642516676,9.509508055,8.273839787,,,,8.327492165,8.792095402,,8.838771618,9.016734234,,8.738454834,,8.374802878,,,,,,9.046670807,,,,,,,,,,,,,,,,,,,,,,,,,,,,,,,,,,,
60,8.767620437,0.436920169,8.477842414,8.709468376,8.723174721,8.813894532,,,,,,9.522959193,9.403068838,8.257770496,,8.267047729,8.319552882,8.538204254,8.629796715,,8.715609308,8.745767889,9.65689348,8.831923767,,8.269575362,,,,,,9.166997475,,,,,,,,,,,,,,,,,,,,,,,,,,,,,,,,,,,
65,8.768450709,0.376959815,8.682270633,8.5020164,8.489821443,8.773736654,,,,,,9.387390952,9.099753557,8.288216247,,8.2375661,8.289884219,8.948380516,8.368920754,,9.092023324,9.066023027,9.080717225,9.24744424,,8.462689695,,,,,,9.046807062,,,,,,,,,,,,,,,,,,,,,,,,,,,,,,,,,,,
70,8.608053407,0.382087693,8.506092609,8.803059487,8.339802553,8.566244709,,,,7.752979088,,8.983947039,8.891822049,8.341699694,,8.358283359,8.354525652,8.588693367,8.277479635,8.866828994,8.412911192,8.733569902,9.675306911,8.916032808,8.469712285,8.583472849,,,,,,8.738603964,,,,,,,,,,,,,,,,,,,,,,,,,,,,,,,,,,,
75,8.497988087,0.366307335,8.586361406,8.136763817,8.525980908,8.301787435,8.186384159,,,7.62819726,,9.183056211,9.051747111,8.268806392,,8.512818388,8.501578251,8.545222298,8.330464299,8.848774453,8.540269414,8.342278882,9.007041376,9.002632269,8.250100623,8.330656442,,,,,,8.905807019,,8.193493978,8.273503608,,,,,,,,,,,,,,,,,,,,,,,,,,,,,,,,
80,8.498123759,0.356655762,8.549035621,8.746949026,8.40263946,8.670641631,8.162102997,,,7.946399208,,8.690129235,9.10595306,8.23172404,,8.467405415,8.275369894,8.50045562,8.649543686,8.598412512,7.945867213,8.068115813,9.199614201,9.060489137,8.221402034,8.471994234,,,,,,8.966725574,,8.188022628,8.337854211,,,,,,,,,,,,,,,,,,,,,,,,,,,,,,,,
85,8.428605008,0.306396788,8.430183336,8.595059992,8.529899003,8.651719573,8.17537063,,,7.913616576,8.151567574,8.556409593,8.492432835,8.285247899,,8.281202299,8.232315881,8.552145337,8.46597668,9.180491653,8.051229296,8.000565319,9.127384094,8.761861797,8.3714688,8.457165255,,,,8.396218163,8.54843253,8.801446527,8.178171514,8.247141256,8.137611802,,,,,,,,,,,,,,,,,,,,,,,,,,,,,,,,
90,8.309428228,0.311202788,8.663968788,8.361795914,8.278246151,8.595598096,8.278714654,7.973306351,8.07728954,7.828714597,7.960244154,8.359699831,7.908594878,8.137390295,,8.089962125,8.268709089,8.465664742,8.842004187,8.269083602,7.847493156,8.188640808,8.760585478,8.588805226,8.186135251,8.408659251,,,,9.023650064,8.721222798,8.587418727,8.103868447,8.049568062,8.148384338,,,,,,,,,,,,,,,,,,,,,,,,,,,,,,,,
95,8.322813963,0.306216317,8.542759594,8.649701731,8.447511935,8.309770916,8.399376088,8.014414052,8.011852408,7.819547175,7.810508362,8.546414643,8.124591506,8.167814651,8.206664837,8.331163427,8.312005834,8.317396104,8.431451538,8.400487207,7.732778975,8.627958372,8.86047585,8.590777884,8.110932311,8.533318282,,,,8.877164982,8.802223986,8.49411264,7.905920535,8.136199358,8.16912372,,,,,,,,,,,,,,,,,,,,,,,,,,,,,,,,
100,8.354220205,0.355474124,8.377983435,8.533641143,8.471985447,8.514563251,8.441565428,7.97110195,7.988884844,7.77396644,7.813543854,8.986618044,8.217901244,8.095287673,8.394058073,8.314885792,8.504759856,8.318345709,8.73670981,8.781589527,7.834232002,8.199039077,8.808011441,8.593682743,7.99235685,8.430214741,,,,8.945455638,8.913268854,8.345585351,7.693913236,8.178473257,8.454981431,,,,,,,,,,,,,,,,,,,,,,,,,,,,,,,,
105,8.30209091,0.352673574,8.334467392,8.361264553,8.189416271,8.576279424,8.451590654,7.937000086,8.153974459,7.630196448,7.850303514,8.783410594,8.91919795,8.103821479,8.366976592,8.391161168,8.272755298,,,8.449543843,7.801646302,8.326702624,8.910618809,8.761205853,8.024319035,8.362680427,,,,,8.910241032,8.321055499,7.819113663,8.096343904,8.051167695,,,,,,,,,,,,,,,,,,,,,,,,,,,,,,,,
110,8.293085411,0.35182394,8.090433581,8.161175874,,8.650934698,8.252232141,7.767821973,7.818350465,7.658926375,8.019379834,8.644162822,8.624495309,8.114522059,8.210704142,8.517001098,8.440878375,8.117410965,8.309478023,8.761885619,8.553320726,8.192811504,8.857328189,8.770192785,7.87478855,8.430167169,,8.276798572,8.349686498,8.759217765,8.862218298,,7.965125392,7.842129102,7.898984432,,,,,,,,,,,,,,,,,,,,,,,,,,,,,,,,
115,8.232213554,0.376465353,8.004208055,8.373612852,,8.296464514,8.181327172,7.558000685,7.651989678,7.848567961,8.041731111,8.818550809,8.558671131,8.108673567,8.317249804,8.237978443,8.284050238,8.140689339,8.148745744,8.775785222,8.320917203,8.308868872,8.819714336,8.608218407,7.905436357,8.311136351,,8.404539729,7.725343156,8.929118051,8.810316445,,8.006747463,7.685032418,7.7847215,,,,,,,,,,,,,,,,,,,,,,,,,,,,,,,,
120,8.273670175,0.339783987,7.846373986,,,,8.287801678,7.674103601,7.612139132,7.747811353,8.269013512,8.390013808,8.653249658,7.931528428,8.141008952,8.388937146,8.436787646,8.308002516,8.333406228,8.731105044,8.174775819,8.138934587,9.158584159,8.548232121,7.762296955,8.345651445,,8.358199173,8.361331476,8.525496551,8.566230844,8.704745897,8.262767571,8.156172644,8.104595605,,,8.290807722,,,,,,,,,,,,,,,,,,,,,,,,,,,,,
125,8.278962958,0.339994376,7.854257476,,,,8.308916627,7.913887676,7.811775735,7.93937371,7.792380696,8.516840218,8.495546623,8.153999387,7.91493764,8.311309325,8.297840522,8.670706494,8.265989607,8.533056351,8.433961335,8.369837185,9.589317186,,8.041151457,8.250900615,,8.400264376,8.245973783,8.243004203,8.48019744,,8.035882631,8.138770564,8.26631073,,,8.234891286,,,,,,,,,,,,,,,,,,,,,,,,,8.484373764,8.373234109,,,
130,8.282295822,0.323484968,7.974506365,,,8.715404309,8.217447069,7.947374405,7.84917222,7.719030445,8.022457491,8.61386914,8.669064656,8.334432824,8.17187496,8.386014534,8.352266608,,,8.470046702,8.319725844,8.493690261,9.396997699,,,8.31772536,,8.136826428,8.207218614,8.184778289,8.403231234,,7.996891838,8.065334185,8.114018155,,,8.159437096,,,,,,,,,,,,,,,,,,,,,,,,,8.258342524,8.407103758,,,
135,8.253288876,0.330780042,8.198231319,,,8.33246721,8.168032999,7.842450971,7.776444859,7.829881067,7.638368185,8.486640372,8.439537608,,8.330946824,8.25372717,8.208943719,,,8.393673224,8.36599388,8.456619144,9.319983846,,7.971015259,8.327627939,,8.111821143,8.00614589,8.628472181,8.842188242,8.449767902,7.976145054,7.916908213,7.948775663,,,8.303475611,,,,,,,,,,,,,,,,,,,,,,,8.349562613,,8.324408402,8.307217106,8.346481553,,
140,8.275312167,0.389596911,8.078274116,,,,8.23758677,7.923499825,7.824561985,7.601980212,7.540783714,8.734002357,8.695573286,,8.351023938,8.224892467,8.385278947,,,8.807557084,8.430119163,8.570465179,9.211978922,,8.155054312,,,7.890310802,7.698239389,8.691061179,8.492239852,,7.861161414,7.885002015,7.90869358,,,8.747842076,8.391336982,8.239928513,8.351995338,,,,,,,,,,,,,,,,,,,,8.267765631,,8.407367863,8.403302146,8.52579812,,
145,8.236311752,0.362458375,7.938279161,,,,8.132048738,7.849625543,7.785848544,7.841951808,7.834010684,8.790109318,8.672622252,,8.347971083,8.275541647,8.074345133,,,8.402022502,8.258759184,8.375160597,9.281194514,,8.065015745,,,7.945927199,7.813555754,8.527816934,8.734760257,,7.724684704,7.866938271,7.949988393,,,8.196104696,8.197679501,8.017397189,8.47016104,,,,,,,,,,,,,,,,,,,,8.371248369,,8.51552426,8.603690195,8.465681108,,
150,8.272508348,0.377769893,7.987307283,,,,8.02749825,7.821141355,7.882163692,7.803716956,7.900183546,8.468814252,8.603916894,,8.293583056,7.943901309,8.268027427,8.592276819,8.50304945,8.462726631,8.411758875,8.387100579,9.109889561,,8.025265177,,7.779137582,7.992923337,8.193837091,8.885401312,8.844267856,,7.694848592,7.677846794,7.807711113,,,8.399976959,8.416589593,8.375407048,8.393077788,,,,,,,,,,,,,,,,,,,,8.163885303,,8.785919218,8.629666209,8.732466933,,
155,8.253087663,0.390810059,8.011259611,,,,,7.841586551,7.714059602,7.800603747,7.671209542,8.895532688,8.638819543,,8.282173814,8.038725632,8.298449827,,,8.441831546,8.321958184,8.583898212,8.986292551,,7.971970109,,8.126780407,8.072789764,8.072846728,8.596574963,8.833445982,8.038193754,7.545497067,7.877066782,7.732798672,,,8.342626801,8.3486966,8.358183517,8.461107097,,,,,,,,,,,,,,,,,,,,8.069279965,,8.836484557,8.802508901,8.485552485,,
160,8.269317515,0.31366554,,,,,8.216825952,7.814154042,7.753941191,7.863895653,7.795727855,8.610733191,8.490874974,,8.354438167,8.182494103,8.395705797,,,8.414019194,8.361451236,8.392055434,,,7.770000325,,8.054865202,7.93169306,8.136251468,8.521705662,8.655909712,8.332700196,7.877447081,7.949462939,7.942150377,,,8.477486294,8.803603185,8.234481781,8.315604521,,,,,8.442654946,,,,,,,,,,8.642692966,8.021847375,8.79458421,,,8.101919582,,8.480004726,8.783207208,8.509523432,,
165,8.24983721,0.318816329,,,,,7.889981031,7.821297663,7.664050695,7.74921452,7.841804897,8.322176002,8.599853839,,,8.056847542,8.193647245,,,8.553927508,8.318438406,8.415620832,,,7.713169249,,8.05606984,8.127267359,8.257533834,8.584701835,8.513781246,8.636138261,7.92270065,7.854229449,8.31733373,,,8.203656776,8.315568928,8.451867792,8.599728084,,,,,8.391020771,,,,,,,,,8.510043934,8.424190107,7.892001692,8.574018298,,,8.040803773,,8.711164869,8.847692536,8.372759142,,
170,8.212684123,0.369327277,,,,,7.726051889,7.656014662,7.531047774,7.855896376,7.727394498,8.263736942,8.546857522,,,8.202711145,8.177644459,,,8.733549631,8.215669502,8.199590818,,,7.656094456,,8.061319769,8.397926413,8.136748102,8.551083272,8.488760226,8.269590393,7.980153948,7.79962415,7.973273176,,,7.886070984,8.25047381,8.203381268,8.582353355,,,,,8.454102287,,,,,,,,,9.223396353,8.637617056,7.987533048,8.485472089,,,8.02959939,,8.530546669,8.716806436,8.305852433,,
175,8.236205143,0.365682903,,,,,,7.546244027,7.531058959,7.832217765,7.931822039,8.569360263,8.661460771,,7.932530329,8.096564038,8.181416034,,,8.586077309,8.299824967,8.047540953,,,7.671503446,,8.197417202,8.352125296,8.147329732,8.704096394,8.568543181,8.280198637,7.878389309,7.857450045,8.034874429,,,7.755229386,8.360484806,8.181316703,8.484353233,,,,,8.431082434,,,,,,,,,8.9629551,8.864694523,7.967984033,8.725587501,,,8.385622013,,8.394242579,8.600185124,8.245397446,,
180,8.210014107,0.355553036,,,,,7.745809795,7.595672131,7.822764348,7.890779051,8.083286204,,8.527777903,,7.950807321,8.183935343,8.02878307,,,8.212349194,8.248411528,7.934869597,,,7.89371278,,8.080859869,8.321322086,8.291214083,8.688602413,8.69841257,8.594109665,7.754682496,7.85047749,7.911951376,,,7.833832094,8.23583924,8.299423756,8.555395353,,,,8.459761762,8.626728878,8.412223889,,,,,,,,,8.988312918,7.938302782,9.039812797,,,8.073781735,7.909775447,8.319337663,8.647878959,8.119524375,,
185,8.234176462,0.329256357,,,,,,7.567532628,7.820904583,7.887645854,7.88563008,,,,8.000801447,8.156304958,8.210362842,,,,8.113463057,7.914994774,,,8.036612261,,8.134096963,8.442389768,8.33265419,8.445942061,8.559575273,8.535912782,8.017721991,8.021545643,7.750467689,,,8.357504469,8.335333953,8.301207993,8.427094197,,,,8.411677965,8.410751243,8.459182713,,8.242082096,,,,,,9.17480846,8.797888995,8.013243639,8.947992893,,,8.30922539,7.884739439,8.149695853,8.254836009,8.118528465,,
190,8.227534638,0.402129511,,,,,,7.716147595,7.689453342,7.717448091,8.036681046,,,,7.815033922,8.010039031,,,,,7.925979539,8.188283079,,,8.036526469,,8.159144049,8.429406916,8.27493277,8.708224341,8.669286991,8.605477686,7.986784851,7.888610252,7.804961874,,,8.151354148,8.068993451,8.084494963,8.277515227,,,,8.563090039,8.322417213,8.488512096,,8.640896884,,,,,,9.369763659,8.975018455,7.860295446,9.03001845,,,8.05486014,7.780626605,8.358810234,8.047659395,8.226964091,,
195,8.222053165,0.372669471,,,,,8.218644587,7.69431794,7.773620057,7.597458002,8.104180066,,,,7.897833805,8.326778607,,,,,7.873300942,8.215960457,,,8.017289311,,8.019651013,8.390918155,8.257017898,8.771613944,8.452055444,8.454091869,8.021589514,8.18550077,7.766653392,,,8.304236408,8.364641653,8.206824202,,,,,8.408825523,8.048963395,,,8.601925845,,,,,,9.104304201,9.223030236,7.912184692,8.614937026,,,8.224473072,7.626625239,8.449759751,8.116444015,8.304156593,,
200,8.17835837,0.312749093,,,,,,7.68204215,7.766289456,7.570873952,7.988887199,,,,7.932346476,8.029648362,,,,,8.323625295,8.101053928,,,8.149324442,,8.160701264,8.048852776,8.110409485,8.497193748,8.504517995,,7.959433225,8.079697564,7.934502749,,,8.151900158,8.393281542,8.238940956,8.241449528,,,,8.62060746,7.887247422,,,8.422391035,,,,,,8.294515527,9.009890521,7.824916483,8.702784118,,,8.392381701,7.698998995,8.384555908,8.378964877,8.10893328,8.473024986,
205,8.208389228,0.330230801,,,,,,7.672329003,7.719694436,7.734381293,,,,,8.073406375,8.225158816,8.287226041,,,,8.227466143,8.198460325,,,8.003938192,,8.131364988,8.227628899,8.078045167,8.27742207,8.3654908,,7.864301669,8.042290414,7.886211149,,,8.385163721,8.369448323,8.364944256,8.315823558,,,,8.557041384,7.733515258,8.475757524,,8.644477637,,,,,,8.529122896,9.282401468,7.627089574,8.465744288,,,8.058645428,7.962398065,8.39419937,8.322556717,8.506178746,8.284298978,
210,8.172353943,0.341010346,,,,,,7.57531884,7.726233542,7.843844336,,,,,8.060176467,7.901770812,8.16395065,,,,8.241781718,8.196178485,,,8.099055255,,7.813343539,,,8.397846249,,,7.886649255,8.087986988,7.895814314,,,8.326699561,8.470268872,8.55980307,8.706968809,,,,8.287045123,7.875271545,8.783707542,,8.305136077,,,,,,8.665708185,8.817448666,7.630359029,8.190052761,,,7.823241128,7.906052948,,8.477176859,8.49135621,8.136725403,
215,8.157312407,0.348521619,,,,,,7.517196892,7.509254279,7.778132005,,,,,8.06758628,8.154993201,8.355108075,,,,8.450505782,8.381292176,,,7.985958632,,7.845023537,8.321515138,8.239817877,,,,7.757664217,8.040174697,7.985280055,,,,8.293820413,8.329276312,8.339457015,,,,8.011684261,8.2043254,8.63557522,,7.987885797,,,,,,8.821850793,8.586630166,7.51020689,8.748559195,,,8.090891441,7.857967696,,8.473457938,8.556245576,8.039347674,
220,8.14200426,0.304057108,,,,,,7.565934598,7.510600166,7.850552745,,,,,8.22060855,8.331892768,8.171862743,,,,8.237102879,8.368083798,,,7.89061657,,8.033758375,8.251576975,8.146315122,,,,,7.841175518,8.000333556,,,8.129516128,8.260723609,8.301992773,8.331515612,,,7.755804463,8.136912979,8.300074795,8.68524502,,8.306015113,,,,,,8.825720133,8.371245883,7.686167574,8.413470066,,,8.079123867,7.762855572,,8.487575151,8.378477731,7.911285472,
225,8.146710085,0.315716009,,,,,8.109301934,7.652662994,7.548549985,7.783867051,,,,,8.315034952,,8.357536998,,,,8.264928051,8.254509512,,,7.745368766,,8.141797702,,8.163679226,,,,,7.944286411,7.852916361,,,,8.072293399,8.083883511,8.514794703,,,7.756317377,8.091140648,8.138803761,8.557198405,,8.403584688,,,,,,8.910230549,8.389171091,7.921755736,8.670130069,,,8.220286922,7.88626131,,8.495624553,8.254868001,7.900517887,
230,8.105992144,0.322474815,,,,,7.814603633,7.679181463,7.671850049,7.767258008,,,,,8.278975426,,,,,,8.109533489,8.119871278,,,7.828738485,,8.390468562,,8.180419348,,,,,7.823939741,7.863299732,,,,7.97010904,7.903606206,8.354674239,,,7.809196627,8.356789638,8.037590185,8.462738394,,8.44476746,,,8.260187527,,,8.824536611,8.858882992,7.749532551,8.447046843,,,8.217505587,7.941469589,,,8.118149379,7.788850097,
235,8.144002632,0.290807634,,,,,7.857628704,7.732359765,7.715661277,,,,,,8.308299329,7.976259038,8.370260965,,,,8.111457415,7.985521103,,,8.039210883,,8.030657751,,8.171340801,,,,,7.766849949,8.14822291,,,8.16375337,8.126964536,8.150180172,8.339145701,7.853949409,7.953067717,7.828118483,8.428535477,8.13962432,8.307935902,,8.281071964,,,8.261740974,,,8.581100425,9.179194097,7.765345443,8.472299955,,,8.118302205,8.029539679,,,8.215657226,8.342829901,
240,8.121115258,0.32728521,,,,,7.816031244,7.645910738,7.650845989,,,,,,8.212165752,,8.292536971,,,,8.015196443,7.911413356,,,7.990613777,,8.087333523,,8.128201891,,,,,7.72081764,8.18280469,,,,,8.123503499,8.150431727,7.865898102,7.819152199,7.772972176,8.46959923,7.905968246,8.45729097,,8.465985508,,,8.607348049,,,8.84989634,8.741093313,7.683110095,8.546341691,,,8.227808518,7.875707569,,,8.18084414,8.236634348,
245,8.084178008,0.347929328,,,,,,7.722457651,7.6272863,,,,,,,8.066096276,8.241454545,,,,8.322588207,7.88381317,,,8.015522132,,8.046967468,,8.022306626,,,,,7.584924017,,,,,,8.217424957,8.405813006,7.696154614,7.703201836,7.81825143,,7.940336235,,,,,,8.573333291,,,8.923872695,8.708055843,7.730567772,8.487748716,,,,7.943067976,,,8.114388023,8.263944111,8.044873315
250,8.124044313,0.384904344,,,,,,7.82619609,7.758229361,,,,,,,7.95049461,8.01228719,,,,,7.829297947,,,7.965974462,,8.082859982,,7.894861371,,,,,7.879160595,,,,8.253220872,,,8.347526282,7.64305737,7.687152518,7.785189884,8.538096921,8.109143153,8.805557942,,,,,8.083225869,,,8.666459457,9.043497121,7.753346243,8.819414057,,,,8.030838973,,,,8.325897677,8.010121881
255,8.142478164,0.375698224,,,,,,7.793144086,7.653352625,,,,,,,8.239847396,7.946359209,,,,,8.086353943,,,7.99484981,,8.029962868,,7.957973927,,,,,,,8.404395803,8.034697026,8.020817106,,,,7.743921712,7.858643641,7.574450308,8.541365496,8.023593881,8.500538647,,,,,8.001461094,8.490428429,8.195924771,9.047962578,9.060836138,7.895913406,8.620960598,,,,7.811486698,,,,8.267347176,8.050322049
260,8.158916687,0.429125937,,,,,,7.784648727,7.580018062,,,,,,,8.087631803,8.122351138,,,,,8.022584629,,,7.894710945,,7.878504678,,8.240929631,,,,,,,8.661736499,7.947462587,8.444225847,,,,7.790875138,7.870732378,7.571905685,8.570283711,8.082390006,8.493551429,,,,,8.079491301,8.220807535,8.212061057,9.014904218,9.419928997,7.818252945,8.791445266,,7.848359996,,7.891226802,,,,8.205341059,7.903305169
265,8.099194691,0.379279974,,,,,,7.699359909,7.527286156,,,,,,,,8.143403005,,,,,8.139259421,,,,,7.758267657,,8.12924429,,,,,,,8.539270033,7.967052217,,,,,7.840495156,7.930336266,7.572042236,8.443705927,8.145598791,8.303324402,,,,,8.203964963,8.114550896,8.03217873,8.888949526,9.085205569,7.866133351,8.583776319,7.80280531,7.737082105,,7.934368563,,,,8.313404304,7.877996864
270,8.043849723,0.337069817,,,,,,7.748214348,7.514346139,,,,,,,,,,,,,8.374832268,,,,,7.838386763,,8.015664755,,,,,,,8.146764807,7.830226106,,,,,7.832578576,7.887599496,7.626437258,8.187903757,8.167256518,8.339840846,,8.213261366,,,8.05046331,7.844733279,7.856564478,8.788964741,8.689700943,7.801680425,8.732275593,7.756215613,7.693817862,,8.1703738,,,,8.19736208,7.834627656
275,8.054917821,0.295117179,,,,,8.287225417,7.744069757,7.685722307,,,,,,,,,,,,,8.180531776,,,,,8.185443386,,7.996890764,,,,,,,8.001146677,7.909595363,,,,,7.826042452,7.848087785,7.800507475,8.196821581,8.130196051,8.247130565,,8.339950307,,,8.058231107,7.888002723,7.878785184,8.664296397,8.413457224,7.684267881,8.888017275,7.774939836,7.794815188,,8.020933536,,,,8.210478832,7.827194316
280,8.082059774,0.277902633,,,,,8.005527895,7.741277339,7.717459897,,,,,,,,,,,,,8.19580205,,,,,8.088287078,,8.154902589,,,,,,,8.050936919,7.918257345,,,,,7.737586786,7.879545449,7.863653337,8.042668411,8.141073647,8.14989574,,8.413697568,,,8.121496902,8.424902331,8.211242831,8.480857061,8.420275476,7.904731236,8.963171038,7.9047623,7.942388544,,7.954565363,,,,8.004052735,7.782596018
285,8.040387829,0.3384936,,,,,,7.767054598,7.682203954,,,,,,,,,,,,,8.091884553,,,,,7.972762784,,8.139550348,,,,,,,8.0700484,7.979525515,,,,,7.538729791,7.548902984,7.767055346,8.016068665,8.159229282,8.363443831,7.689020706,8.415421745,,,8.152309173,8.332170198,8.060461307,8.313847418,8.752623191,7.941524882,9.003210458,7.875326863,7.906668037,,7.899439029,,,,7.947258364,7.704729975
290,8.05781537,0.359166867,,,,,,,,,,,,,,,,,,,,7.90430911,,,,,8.133264134,,7.963262398,,,,,,,8.040394587,,,,,,7.518099384,7.487668088,7.665668326,8.25822162,8.077178177,8.230889994,7.604404148,8.350510425,,,8.247193072,8.326174342,8.223619915,8.423282972,8.72564405,7.805977446,8.952091534,7.99079174,7.939688553,,8.035420086,,,,7.743466446,7.740348335
295,7.930767251,0.232893789,,,,,,,,,,,,,,,,,,,,7.899830981,,,,,8.097504278,,,,,,,,,7.923195825,7.702694778,,,,,7.623951019,7.547112207,7.629780083,8.265895761,8.022847481,8.296647974,7.788085761,8.177478815,,,8.3156728,8.0238427,8.048558096,,,7.762121692,,8.021177668,8.028635046,,7.989492431,,,,7.672809803,7.708777063
300,8.025046,0.33884377,,,,,,7.763784461,7.645863969,,,,,,,,,,,,,7.753213574,,,,,7.774053202,,,,,,,,,8.151045231,7.547160883,,,,,7.878202436,7.898752318,7.801278882,8.328712064,7.910381875,8.536028784,8.106946793,8.452244118,,,8.214587635,7.882957558,8.032633328,,8.757872035,7.935193758,8.876025529,7.89464268,7.99106536,,8.025196989,,,,7.678085442,7.790221103
305,7.978417529,0.286350432,,,,,,7.786302241,7.716817781,,,,,,,,,,,,,7.697406132,,,,,7.741373103,,,,,,,,,7.995334616,7.643144169,,,,,7.94300779,8.003438706,7.740907321,8.577035688,7.828872541,8.440126651,7.995448406,8.298896905,,,8.20752206,7.881653567,8.098758776,,,7.741597214,8.710292593,8.075165764,7.83195741,,7.955404722,,,,7.830142879,7.741413673
310,7.974905211,0.311551929,,,,,,7.693872647,7.65162816,,,,,,,,,,,,,7.710274052,,,,,7.762276473,,,,,,,,,8.156370779,7.871855995,,,,,7.706064556,7.767658611,7.67298828,8.337393997,7.732014387,8.350566917,7.993743749,,,,8.329844142,8.327732814,8.049504947,,,7.749653908,8.771594346,7.933696355,7.729990968,,,,,,8.334195958,7.814992594
315,7.992354068,0.336154101,,,,,,7.753173496,7.698673746,,,,,,,,,,,,,7.840206655,,,,,7.869828998,,,,,,,,,8.215171453,8.038506467,,,,,7.647935801,7.81640122,7.592257056,8.565007434,,8.422463448,7.911017539,,,,8.186330661,8.408608259,8.088243196,,,7.722464954,8.830973021,7.877580611,7.589721172,,,,,,7.911872114,7.85299812
320,7.968401109,0.293835241,,,,,,7.666872557,7.683684906,,,,,,,,,,,,,,,,,,7.946341477,,,,,,,,,8.202734533,7.836614462,,,,,7.565178516,7.793152726,7.736618845,8.420079264,,8.286922262,7.951945737,,7.7054127,,8.350103856,8.416407771,8.050201765,,,7.763623799,8.490529612,7.778318935,7.724299687,,,,,,8.20309048,7.764289395
325,7.97484451,0.272950301,,,,,,7.735602862,7.720517131,,,,,,,,,,,,,,,,,,,,,,,,,,,8.139612666,7.84148908,,,,,7.527224796,7.805485833,7.908527668,8.444332681,,8.289746304,7.904102764,,7.812077375,,8.43832919,8.283020154,8.030635306,,,7.817232835,8.36935324,7.721022001,7.675149321,,,,,,8.097430152,7.935998839
330,7.948385064,0.259340084,,,,,,7.799712078,7.623760477,,,,,,,,,,,,,,,,,,,,,,,,,,,8.132394747,7.874177433,,,,,7.767334269,7.653320051,7.866368463,8.226548478,,8.436750521,7.827590887,,7.97219492,8.178009719,8.521817868,8.066258554,8.014804288,,,7.681327996,,7.700197473,7.63417524,,,,,,8.089008321,7.901949503
335,7.877697853,0.217268962,,,,,,7.662770733,7.65845839,,,,,,,,,,,,,,,,,,,,,,,,,,,8.111579594,7.695365922,,,,,7.935004561,7.539184696,7.748121571,8.223535046,,,7.762420308,,7.891324552,8.023584144,8.251604265,7.958860661,8.126217121,,,7.606805532,,7.769433021,7.700596722,,,,,,8.108365821,7.90302655
340,7.874359692,0.239186158,,,,,,7.664336098,7.557848643,,,,,,,,,,,,,,,,,,,,,,,,,,,7.923381096,7.935006719,,,,,7.855907199,7.741084484,7.583017469,,,,7.690752158,,7.994833999,7.701314675,8.389568418,8.3096414,7.986987174,,,7.649071007,,7.904897942,7.702667982,,,,,,8.153168171,7.994989816
345,7.939675527,0.252971546,,,,,,,7.47993428,,,,,,,,,,,,,,,,,,,,,,,,,,,7.874215242,8.038208834,,,,,7.869512126,7.815989835,7.767750759,,,,7.745126035,,8.037850271,7.657452875,8.37708232,8.54982228,7.861643062,,,7.87235604,,8.100923383,7.882985081,,,,,,8.070332384,7.973299156
350,7.894560233,0.221913532,,,,,,,7.480355987,,,,,,,,,,,,,,,,,,,,,,,,,,,7.962952259,7.846188244,,,,,7.73358372,7.965756794,7.949490646,,,,7.635046127,,8.336360562,7.618540122,8.021549436,8.335129771,7.828603895,,,7.837509274,,8.000783097,7.954411778,,,,,,7.85644358,7.844818669
355,7.854771545,0.187291454,,,,,,,7.614055217,,,,,,,,,,,,,,,,,,,,,,,,,,,7.945706861,7.943046949,,,,,7.700123882,7.856992105,,,,,7.60660444,,8.137635771,7.688957291,,8.300663808,7.783348226,,,7.807127307,,7.922253691,7.874280582,,,,,,7.893130638,7.747646409
360,7.823968806,0.208831751,,,,,,,7.585281176,,,,,,,,,,,,,,,,,,,,,,,,,,,8.023231651,7.808826077,,,,,7.541016462,7.71113002,,,,,7.542690265,,8.005887041,7.75241764,,8.25648951,7.735079032,,,7.702267265,,8.003391829,7.94188595,,,,,,8.020624562,7.729313616
365,7.836817927,0.236838374,,,,,,,,,,,,,,,,,,,,,,,,,,,,,,,,,,7.841896833,7.71852103,,,,,7.460325885,7.765307195,,,,,7.541375543,,7.975476024,7.827194626,,8.16088358,7.740511154,,,7.828951815,,7.945985438,7.751928603,,,,,,8.403640334,7.753452911
370,7.829684201,0.178540812,,,,,,,,,,,,,,,,,,,,,,,,,,,,,,,,,,7.879040275,7.655998303,,,,,7.588411603,7.792116887,,,,,7.539765901,,8.079311705,7.830579735,,7.986887325,7.813904786,,,,,8.027994931,7.693927723,,,,,,8.076937278,7.821018162
375,7.861057721,0.199949755,,,,,,,,,,,,,,,,,,,,,,,,,,,,,,,,,,7.910100423,7.991092888,,,,,7.560304479,7.861881028,,,,,7.483394097,,7.92869497,7.962628017,,7.900538298,7.748020584,,,,,8.001243966,7.704515716,,,,,,8.252469499,7.888866412
380,7.864365371,0.16021875,,,,,,,,,,,,,,,,,,,,,,,,,,,,,,,,,,7.826043833,7.968989043,,,,,7.739158639,7.675614325,,,,,7.670063982,,7.878481958,7.767903964,,8.114396102,7.940358374,,,,,8.007160974,7.690643185,,,,,,8.093570073,
385,7.898779377,0.180567781,,,,,,,,,,,,,,,,,,,,,,,,,,,,,,,,,,7.956908957,7.861519956,,,,,7.820073313,7.822426054,,,,,7.774157184,,7.764614559,7.691301794,,8.249295918,8.033773744,,,,,7.938060131,7.691874218,,,,,,8.18134669,
390,7.886694722,0.219627331,,,,,,,,,,,,,,,,,,,,,,,,,,,,,,,,,,8.028992565,7.801729008,,,,,7.74513236,7.76049526,,,,,7.807299677,,7.825256059,7.703045606,,8.332439548,8.064308643,,,,,7.682292962,7.67576693,,,,,,8.213578047,
395,7.942606075,0.276460381,,,,,,,,,,,,,,,,,,,,,,,,,,,,,,,,,,8.256977293,7.781496647,,,,,7.752213157,7.985771208,,,,,7.797953236,,8.258032164,7.613376541,,8.387316367,7.986143485,,,,,7.674436492,7.612839743,,,,,,8.204716562,
400,7.944540469,0.256884294,,,,,,,,,,,,,,,,,,,,,,,,,,,,,,,,,,8.177059511,7.828507549,,,,,7.842124539,7.82186202,,,,,7.835314682,,8.19269625,7.628515464,,8.461754635,8.031044662,,,,,7.657683916,7.703496973,,,,,,8.154425424,
405,7.905131988,0.204242596,,,,,,,,,,,,,,,,,,,,,,,,,,,,,,,,,,8.096770094,7.690646962,,,,,7.714921716,7.764048802,,,,,7.818437407,,8.153176274,7.677954772,,8.292117008,7.953263226,,,,,7.797132384,7.826353777,,,,,,8.076761438,
410,7.936854779,0.206901128,,,,,,,,,,,,,,,,,,,,,,,,,,,,,,,,,,8.172071823,7.680999059,,,,,7.583415669,7.860371113,,,,,7.887946856,,8.00533596,7.928012584,,8.391593644,7.969575603,,,,,7.893712579,7.969549991,,,,,,7.899672469,
415,7.952582345,0.201540126,,,,,,,,,,,,,,,,,,,,,,,,,,,,,,,,,,8.092699881,,,,,,7.587558149,7.781463314,,,,,7.843969517,,8.045879968,7.919410566,,8.285783255,8.138735183,,,,,7.82561207,8.118770908,,,,,,7.838522984,
420,7.958239673,0.124776224,,,,,,,,,,,,,,,,,,,,,,,,,,,,,,,,,,7.992325155,,,,,,7.833689546,7.806047173,,,,,7.896455578,,8.034833789,7.913181323,,8.072766028,7.895179079,,,,,7.921524246,7.925488977,,,,,,8.249145509,
425,,,,,,,,,,,,,,,,,,,,,,,,,,,,,,,,,,,,7.983039168,,,,,,,7.733215675,,,,,7.830535589,,8.117335495,8.000580043,,8.040878089,8.035860814,,,,,7.861038155,7.981892121,,,,,,,
430,,,,,,,,,,,,,,,,,,,,,,,,,,,,,,,,,,,,8.092134688,,,,,,,7.687107871,,,,,7.778728487,,7.894108886,7.913209552,,8.235141344,7.936253201,,,,,7.72253475,7.952207207,,,,,,,
435,,,,,,,,,,,,,,,,,,,,,,,,,,,,,,,,,,,,7.976938764,,,,,,,7.701674766,,,,,7.787169865,,8.338879477,7.922221127,,8.160512543,8.002587647,,,,,7.721439839,7.821311115,,,,,,,
440,,,,,,,,,,,,,,,,,,,,,,,,,,,,,,,,,,,,8.12505485,,,,,,,,,,,,7.777639124,,8.318049001,7.944670929,,8.225841893,8.006506773,,,,,7.744769061,7.899319524,,,,,,,
445,,,,,,,,,,,,,,,,,,,,,,,,,,,,,,,,,,,,8.041887452,,,,,,,,,,,,7.799358863,,,7.874037769,,8.212878078,7.922862723,,,,,7.84056274,7.917214345,,,,,,,
450,,,,,,,,,,,,,,,,,,,,,,,,,,,,,,,,,,,,8.103860779,,,,,,,,,,,,,,8.435945483,7.88141285,,8.198052936,7.931538701,,,,,7.910837135,7.873528753,,,,,,,
455,,,,,,,,,,,,,,,,,,,,,,,,,,,,,,,,,,,,8.00015789,,,,,,,,,,,,7.83027165,,8.291201124,7.765399089,,,7.8558373,,,,,7.940605317,7.905162783,,,,,,,
460,,,,,,,,,,,,,,,,,,,,,,,,,,,,,,,,,,,,8.159313227,,,,,,,,,,,,,,8.257754944,7.839862678,,,7.901496319,,,,,7.985760488,7.790137767,,,,,,,
465,,,,,,,,,,,,,,,,,,,,,,,,,,,,,,,,,,,,8.110098608,,,,,,,,,,,,,,8.195208749,7.75008803,,,7.866356914,,,,,7.941240886,7.772270535,,,,,,,
470,,,,,,,,,,,,,,,,,,,,,,,,,,,,,,,,,,,,8.038194619,,,,,,,,,,,,,,8.029003929,7.653254299,,,7.766152743,,,,,7.910352597,7.737181659,,,,,,,
475,,,,,,,,,,,,,,,,,,,,,,,,,,,,,,,,,,,,8.04096068,,,,,,,,,,,,7.779114099,,8.03223503,7.602152107,,,7.839547058,,,,,7.738244089,7.69248309,,,,,,,
480,,,,,,,,,,,,,,,,,,,,,,,,,,,,,,,,,,,,8.035097263,,,,,,,,,,,,7.828309688,,8.061316699,7.607182078,,,8.015365352,,,,,7.745044695,7.788125496,,,,,,,
485,,,,,,,,,,,,,,,,,,,,,,,,,,,,,,,,,,,,8.11129374,,,,,,,,,,,,,,8.293317951,7.575684399,,,7.973828648,,,,,7.60222634,7.865654215,,,,,,,
490,,,,,,,,,,,,,,,,,,,,,,,,,,,,,,,,,,,,7.904037832,,,,,,,,,,,,,,8.182803863,7.553980586,,,7.897227106,,,,,7.540654561,7.795578467,,,,,,,
495,,,,,,,,,,,,,,,,,,,,,,,,,,,,,,,,,,,,7.900145264,,,,,,,,,,,,,,,7.650548275,,,7.884608271,,,,,7.543590375,7.86488078,,,,,,,
500,,,,,,,,,,,,,,,,,,,,,,,,,,,,,,,,,,,,7.883261302,,,,,,,,,,,,,,,7.748198047,,,,,,,,7.563236203,7.735575702,,,,,,,
505,,,,,,,,,,,,,,,,,,,,,,,,,,,,,,,,,,,,7.842798771,,,,,,,,,,,,7.761830106,,,7.748387353,,,,,,,,7.636815553,7.790585223,,,,,,,
510,,,,,,,,,,,,,,,,,,,,,,,,,,,,,,,,,,,,7.999761953,,,,,,,,,,,,7.738461882,,,7.901373378,,,,,,,,7.665795211,7.83666657,,,,,,,
515,,,,,,,,,,,,,,,,,,,,,,,,,,,,,,,,,,,,8.021060358,,,,,,,,,,,,7.679714545,,,7.779163587,,,,,,,,7.698873309,7.749971176,,,,,,,
520,,,,,,,,,,,,,,,,,,,,,,,,,,,,,,,,,,,,7.930711967,,,,,,,,,,,,7.725159574,,,7.828398835,,,,,,,,7.747717221,7.747809853,,,,,,,
525,,,,,,,,,,,,,,,,,,,,,,,,,,,,,,,,,,,,7.969564718,,,,,,,,,,,,7.630757266,,,7.687832153,,,,,,,,7.831165181,7.710077734,,,,,,,
530,,,,,,,,,,,,,,,,,,,,,,,,,,,,,,,,,,,,7.974171021,,,,,,,,,,,,7.614140601,,,7.54395809,,,,,,,,7.717047782,7.836444181,,,,,,,
535,,,,,,,,,,,,,,,,,,,,,,,,,,,,,,,,,,,,7.979349618,,,,,,,,,,,,7.535699712,,,,,,,,,,,7.870004696,7.800475201,,,,,,,
540,,,,,,,,,,,,,,,,,,,,,,,,,,,,,,,,,,,,,,,,,,,,,,,,7.67570659,,,,,,,,,,,7.916831092,7.905953921,,,,,,,
545,,,,,,,,,,,,,,,,,,,,,,,,,,,,,,,,,,,,,,,,,,,,,,,,7.812195747,,,,,,,,,,,,7.797873689,,,,,,,
550,,,,,,,,,,,,,,,,,,,,,,,,,,,,,,,,,,,,,,,,,,,,,,,,7.767497479,,,,,,,,,,,,7.793301175,,,,,,,
555,,,,,,,,,,,,,,,,,,,,,,,,,,,,,,,,,,,,,,,,,,,,,,,,7.791128202,,,,,,,,,,,,7.926294754,,,,,,,
560,,,,,,,,,,,,,,,,,,,,,,,,,,,,,,,,,,,,,,,,,,,,,,,,7.743296037,,,,,,,,,,,,,,,,,,,
565,,,,,,,,,,,,,,,,,,,,,,,,,,,,,,,,,,,,,,,,,,,,,,,,7.738985267,,,,,,,,,,,,,,,,,,,
570,,,,,,,,,,,,,,,,,,,,,,,,,,,,,,,,,,,,,,,,,,,,,,,,7.721969989,,,,,,,,,,,,,,,,,,,
575,,,,,,,,,,,,,,,,,,,,,,,,,,,,,,,,,,,,,,,,,,,,,,,,7.585464074,,,,,,,,,,,,,,,,,,,
580,,,,,,,,,,,,,,,,,,,,,,,,,,,,,,,,,,,,,,,,,,,,,,,,7.582520992,,,,,,,,,,,,,,,,,,,
585,,,,,,,,,,,,,,,,,,,,,,,,,,,,,,,,,,,,,,,,,,,,,,,,7.63722055,,,,,,,,,,,,,,,,,,,
590,,,,,,,,,,,,,,,,,,,,,,,,,,,,,,,,,,,,,,,,,,,,,,,,7.542770097,,,,,,,,,,,,,,,,,,,
595,,,,,,,,,,,,,,,,,,,,,,,,,,,,,,,,,,,,,,,,,,,,,,,,7.599430055,,,,,,,,,,,,,,,,,,,
600,,,,,,,,,,,,,,,,,,,,,,,,,,,,,,,,,,,,,,,,,,,,,,,,7.571795668,,,,,,,,,,,,,,,,,,,
615,,,,,,,,,,,,,,,,,,,,,,,,,,,,,,,,,,,,,,,,,,,,,,,,7.80970714,,,,,,,,,,,,,,,,,,,
620,,,,,,,,,,,,,,,,,,,,,,,,,,,,,,,,,,,,,,,,,,,,,,,,7.844731927,,,,,,,,,,,,,,,,,,,
