Time(min),Mean,Standard Deviation,1_1,1_10,1_11,1_12,1_13,1_14,1_15,1_16,1_17,1_18,1_19,1_2,1_20,1_21,1_22,1_23,1_24,1_25,1_26,1_27,1_3,1_30,1_31,1_4,1_5,1_6,1_7,1_8,1_9,2_1,2_10,2_11,2_12,2_13,2_14,2_15,2_16,2_18,2_19,2_2,2_20,2_21,2_22,2_23,2_24,2_25,2_26,2_27,2_28,2_29,2_3,2_30,2_31,2_4,2_5,2_6,2_7,2_8,2_9
0,,,,,,,,,,,,,,,,,,,,,,,,9.06867923,9.134653486,,,,,,,,,,,,,,,,,,,,,,,,,,,,,,,,,,,,
5,,,,,,,,,,,,,,,,,,,,,,,,8.960819235,9.143496807,,,,,,,,,,,,,,,,,,,,,,,,,,,,,,,,,,,,
10,,,,,,,,,,8.596396493,,,,,,,,,,,,,,8.934082591,8.764868899,,,,,,,,,,,,,,,,,,,,,,,,,,,,,,,,,,,,
15,,,,,,,,,,8.623893379,,,,8.86573181,,,,,,,,,9.128510964,8.874030247,8.72985309,,,,,,,,,,,,,,,,,,,,,,,,,,,,,,,,,,,,
20,,,,,,,,,,8.636117658,,,,8.77440855,8.416555903,,,,,,,,8.919856692,8.778910145,8.729302578,,,,,,,,,,,,,,,,,,,,,,,,,,,,,,,,,,,,
25,,,,,,,,,,8.557012686,,8.314066359,,8.717742228,8.150937741,,,,,,,,9.111719043,8.548641925,8.46661974,,,,,8.685623862,8.640551722,,,,,,,,,,,,,,,,,,,,,,,,,,,,,,
30,,,,,,,,,,8.581951145,,8.469835919,,8.732592149,8.333612076,,,,,,,,8.897497056,8.541803692,8.280861545,,,,,8.620431335,8.631223399,,,,,,,,,,,,,,,,,,,,,,,,,,,,,,
35,,,,,,,,,,8.440374813,,8.619181827,,8.53249263,8.221563281,,,,,,,,9.012057225,8.339104114,8.387918364,,,,,8.531769386,8.614080844,,,,,,,,,,,,,,,,,,,,,,,,,,,,,,
40,8.452116541,0.281747188,,,,,,,,8.525738157,,8.336913307,8.34271571,8.407865594,8.116391072,,9.175277162,,,,,,8.625583859,8.393790671,8.156555125,,,,,8.494207508,8.398243787,,,,,,,,,,,,,,,,,,,,,,,,,,,,,,
45,8.492629549,0.207187699,,,,,8.821711573,8.868953834,,8.377580683,8.557823114,8.465271202,8.42935686,8.38541333,8.368996785,,8.861133664,,8.381212566,,,,8.593060323,8.283377701,8.237450351,,,,,8.311811321,8.44628993,,,,,,,,,,,,,,,,,,,,,,,,,,,,,,
50,8.459664195,0.299724396,,,,,9.05676773,8.971461996,,8.379095523,8.369334303,8.32610866,8.286374921,8.431243846,8.161891407,,8.861994587,,8.404019057,,,,8.928297468,8.349104621,8.192853088,8.119962572,8.188484205,,,8.418605246,8.368692089,,,,,,,,,,,,,,,,,,,,,,,,,,,,,,
55,8.401864124,0.332850205,,,,,9.026724947,8.850893598,,8.245801913,8.370985533,8.179892801,8.26364038,8.411004709,8.218159802,,8.878462488,,8.28933011,,,,8.791770874,8.314220018,8.450322136,7.921035492,7.853004253,,,8.140293093,8.626147963,,,,,,,,,,,,,,,,,,,,,,,,,,,,,,
60,8.382357715,0.228831982,,,,,8.859808556,8.620447407,,8.268749786,8.550659902,8.232610408,8.173990281,8.330715822,8.090124532,,8.828487678,,8.29369367,,,,8.559928394,8.280143732,8.43391326,8.114522078,8.232202139,,,8.275275668,8.354807836,,,,,,,,,,,,,,,,,,,,,,,,,,,,,,
65,8.396899655,0.293802203,,,,,8.910549574,8.703038009,,8.20576764,8.398784376,8.218350208,8.359548664,8.340803558,8.034380897,,8.719353066,8.951588124,8.346806693,,,,8.757663536,8.211179571,8.24092125,8.003178341,8.022871923,,,8.311304195,8.408104161,,,,,,,,,,,,,,,,,,,,,,,,,,,,,,
70,8.375701756,0.252355054,,,,,8.714073648,8.671432657,,8.155884767,8.304624401,8.087216358,8.394083561,8.404927532,8.188554795,,8.717819178,8.914094597,8.370510624,,,,8.663319745,8.206527067,8.16094382,8.131630737,8.124780612,,,8.299273849,8.252933657,,,,,,,,,,,,,,,,,,,,,,,,,,,,,,
75,8.384642545,0.331348143,,,,,8.80491858,8.873775212,,8.233149601,8.352668895,8.822581209,8.122735457,8.290678053,8.187965837,8.526587805,8.709307399,9.031856436,8.129206539,,,,8.502693929,8.174119002,8.22335471,7.857829043,7.90171621,,,8.246008133,8.317056314,,,,,,,,,,,,,,,,,,,,,,,,,,,,,,
80,8.302492057,0.307424527,,,,,8.969396649,8.946259137,,8.215230609,8.37516697,8.026752913,8.04186719,8.463810577,8.040678503,8.466731236,8.579074665,8.320158916,8.310488957,,,,,,8.067635091,7.938554431,8.0335328,,,8.12624292,8.220783409,,,,,,,,,,,,,,,,,,,,,,,,,,,,,,
85,8.316538933,0.30923592,,,,,8.791710268,8.779235003,,8.199961217,8.380283739,7.977437572,8.147400695,8.292266775,8.049404598,8.373988268,8.625632857,8.972179885,8.31206821,,,,,,8.117359398,7.968998958,7.858684077,,,8.14198873,8.253529664,,,,,,,,,,,,,,,,,,,,,,,,,,,,,8.455570873,
90,8.190900524,0.341599969,,,,,8.62085331,8.925459693,,8.1442669,8.050030022,7.829160733,7.906240517,,8.069146977,8.399811667,8.546998631,8.375505513,8.146018534,,,,,,7.934301859,7.743740018,7.641653504,,,8.075546957,8.458007558,,,,,,,,,,,,,,,,,,,,,,,,,,,,,8.37856651,
95,8.117153361,0.347511196,,7.712745607,7.789014822,,8.580939042,8.824929672,,8.175282321,8.157333394,7.935344292,7.86313919,,7.972263205,8.28471044,8.670057802,8.352555966,8.100183279,,,,,,8.13257947,7.518235291,7.577016977,7.904300834,,8.131352324,8.271629962,,,,,,,,,,,,,,,,,,,,,,,,,,,,,8.389453325,
100,8.131028915,0.322824194,,7.841810616,7.868844407,,8.451000881,8.607105666,,8.229169367,8.085367596,8.583427337,7.850680638,,8.087543825,8.310676968,8.56505336,8.522599661,8.215607709,7.863309588,7.957051827,,,,8.063758367,7.491867939,7.57812265,7.91152701,,8.001342662,8.383374553,,,,,,,,,,,,,,,,,,,,,,,,,,,,,8.413393508,
105,8.141882525,0.323702027,,7.808411935,7.813214548,,8.794677192,8.444909772,,8.227717186,8.060598455,8.063385873,7.917660431,,8.101240262,8.265385133,8.656666389,,8.134726712,8.004224148,8.047824557,,,,8.030403061,7.708256712,7.651002063,7.941570806,,,,,,,,,,,,,,,,,,,,,,,,,,8.621616943,,,,,,8.54415833,
110,8.160802708,0.348856234,,7.842210759,7.809954357,8.115554203,8.452771222,8.255584987,,8.236180248,8.34553649,8.053011709,7.761019185,,8.129572698,8.75548385,8.698803992,,8.252998569,7.747509382,7.82041918,,,,,7.929686862,7.630859503,7.926738199,7.960647297,8.226162356,8.247869293,,,,,,,,,,,,,,,,,,,,,,,8.938251894,,,,,,8.561636059,
115,8.097299369,0.300451965,7.793487178,7.928060389,7.818429475,7.999504123,8.637908563,8.004507114,,8.088082734,8.293132787,8.059353343,8.004515376,,8.034477078,8.453714345,8.464108173,8.381426849,8.399315786,7.82380101,7.914828425,,,,,7.746815633,7.718173457,7.744965783,7.769465512,,8.185602751,,,,,,,,,,,,,,,,,,,,,,,8.738946241,,,,,,8.332562729,
120,8.119577516,0.310185782,7.67711068,7.753588636,7.72595377,7.968480717,8.486393827,8.31671852,,8.136521275,8.282889109,8.047693496,7.994870536,,8.1137918,8.639683476,8.438388927,8.745115693,8.623193891,8.004349542,7.909706363,,,,,7.841194299,7.807000502,8.031608436,7.664766952,8.204504061,8.172916999,,,,,,,,7.826751206,,,,,,,,,,,,,,,8.426919325,,,,,,8.268903373,
125,8.098497328,0.284778178,7.752060264,7.700126115,7.734440895,8.132247505,8.716931412,8.272133913,,8.028077681,8.188419711,8.067328461,8.037758144,,8.079688142,8.524940673,8.209504843,8.436196221,8.418707968,7.937751411,7.897787699,,,,,7.78891123,7.72686161,7.909969554,7.780639852,8.169292728,8.162251497,,,,,,,,7.931308543,,,,,,,,,,,,,,,8.551967956,,,,,,8.405626513,
130,8.108666183,0.285735338,7.794242587,7.839068946,7.794209452,8.102774642,8.338108743,8.389922999,,8.117632077,8.435505473,8.104021793,8.087781015,,8.032028015,8.593097903,8.373256667,8.877610701,8.065397756,8.133167002,7.912009263,,,,,7.613893962,7.69329728,7.965918425,7.913965862,8.120745166,,,,8.287339367,,,,,7.877176296,,,,,,,,,,,,,,7.897094409,8.29982137,,,,,,8.274899769,
135,8.049010058,0.249754008,7.893473602,7.975103407,7.683024734,8.044024975,8.234598706,8.251438319,,8.066943448,8.133833847,7.943047509,8.077442006,,7.95760239,8.408074434,8.358644458,8.482773995,8.0975291,8.036354576,7.775187494,,,,,7.679344762,7.532661445,7.770665372,8.046102983,8.065375708,,,,8.27847399,,,,,7.8477443,,,,,,,,,,,,,,7.898771369,8.518330577,,,,,,8.266704068,
140,8.064406326,0.254731054,7.829605934,7.906726245,7.757050368,8.033038962,8.277348719,8.269502569,,7.945940362,8.164028401,,,,7.963230823,8.35741608,8.429738666,8.769593231,8.127819846,8.152040888,7.696572337,,,,,7.880428866,7.674628324,7.923166034,7.938585741,8.0412077,,,,8.224648393,,,,,7.807600266,,,,,,,,,,,,8.09187075,,7.861315838,8.366557637,,,,,,8.184901499,
145,8.062398667,0.258372238,7.713531682,7.814842709,7.759400502,8.090606462,8.398412221,8.154144074,,7.977960141,7.969654529,,7.98495209,,8.062067501,8.360398464,8.475060871,8.621799125,8.104369573,7.920319998,7.74542526,,,,,7.831275983,7.780764454,8.095414094,7.839729935,8.04090198,,,,8.206844215,,,,,7.867867936,,,,,,,,,,,,8.177648389,,7.870266654,8.619569292,,,,,,8.201535879,
150,8.036432226,0.262831566,7.758513458,7.817467653,7.793984739,7.942072703,8.438009951,8.364940516,,7.859683819,8.080456775,,7.924903862,,8.017062256,8.308997329,8.572007729,8.536436484,8.065925896,7.930316782,7.801230887,,,,,7.770753117,7.719476221,7.78428216,7.906153796,,,,,8.02704398,,,,,7.951805213,,,,,,,,,,,,8.110405937,,7.836360069,8.516237253,,,,,,8.112709283,
155,8.043903556,0.255265676,7.929668867,7.832883689,7.779208084,7.869753907,8.332473995,8.569173089,,7.803991937,8.160467535,,,,8.016109828,8.2132562,8.422003548,8.183855829,8.045461186,7.956443139,7.951304415,,,,,7.706284122,7.640377294,7.976092741,8.229212216,,,,,7.974347752,,,,,7.917465967,,,,,,,,,,,,7.856271193,,7.852767568,8.591414851,,,,,,8.287299953,
160,7.976702433,0.282159783,7.848290487,7.774157204,7.71225569,7.793255093,,,8.141107944,7.826979686,8.078358869,,,,7.914729075,8.239180825,8.558476259,8.35235595,7.96218403,7.867368006,7.988559084,,,,,7.532588247,7.616550581,7.957988052,7.76815638,,,,,7.876423722,,,,,7.997742334,,,,,,,,,,,,7.853635147,,7.820991151,8.723495452,,,,,,8.236029127,
165,8.027913542,0.324167966,7.972752208,7.690087699,7.741728401,7.881353693,8.323227093,8.354965469,7.916583995,,8.144868837,,,,,8.266655916,8.371288565,8.507676269,7.900990226,7.827438113,8.116089117,,,,,7.465972806,7.563644387,7.779843441,8.172914366,,,,,8.283497625,,,,,7.888787785,,,,,,,,7.619378417,,,,7.910153819,,7.889596377,8.836772854,,,,,,8.271571064,
170,8.002547463,0.290624417,7.999182416,7.666994002,7.802455623,8.029159438,8.254251831,8.50447926,7.962760238,,8.039393453,,,,,8.349186228,8.397131563,8.215060464,7.990336499,7.725062785,8.01596592,7.707061629,,,,7.592674484,7.510413888,7.78034926,8.064615968,,,,,8.205024314,,,,,7.988398902,,,,,,,,7.716052608,,7.732278949,,7.952981274,,7.86188006,8.670550149,,,,,,8.3350803,
175,8.00598147,0.307397142,7.93298322,7.681885743,7.769575802,8.010592994,8.180537387,8.377393734,7.968189371,,8.107762151,,,,,8.275125022,8.462487466,8.405077749,7.938427563,7.638117814,7.962350862,7.64414337,,,,7.707243709,7.487189586,7.91737431,8.06309054,,,,,8.108053149,,,,,7.924546067,,,,,,,,7.813631528,,7.838100419,,7.935563353,,7.84719303,8.936698075,,,,,,8.228165675,
180,7.963429738,0.272526681,7.744885217,7.632895097,7.659439967,7.862807973,8.17638536,8.353308477,8.131867745,,8.181002523,,,,,8.252793146,,8.36463697,7.979292402,7.580641685,7.868015914,7.647217665,,,,,7.553979365,7.841694935,8.035756717,,,,,8.055398539,,,,,7.878594309,,,,,,,,7.909132639,,7.812112413,,7.873829366,7.93456524,7.83998741,8.681399789,,,,,,8.197532336,
185,7.985080449,0.276585433,7.706805806,7.648028812,7.750308081,7.945481492,,8.430817905,8.060535231,,8.357625431,,,,,7.99639698,,8.079277836,8.046232609,7.823518042,7.963499908,7.66055871,,,,,7.571357741,7.794442483,8.059024899,,,,,8.096375022,,,,,7.823076526,,,,,,,,7.788410149,7.657736464,7.849151718,,7.990233089,7.860540365,7.993842508,8.770757015,,8.350591716,8.293301052,,,8.214324984,
190,8.016732445,0.299250548,7.676083238,7.619992406,7.726160359,7.925454844,,,8.125553036,,8.197080012,,,,,7.788152155,,8.462851388,8.114554788,7.802131303,7.950759119,7.716001263,,,,,7.701555784,7.767855531,8.021738511,,,,,8.243546261,,,,,7.830309779,,,,,,,,7.813974333,7.648881927,7.832938626,,8.255888412,7.93607834,7.960101337,8.655034615,,8.510306953,8.407803332,8.394375102,8.38334572,,
195,7.990611325,0.274538992,7.846089766,7.565858855,7.790684728,7.91002507,,,8.125369359,,8.33452807,,,,,7.78137813,,8.511570081,8.129530183,7.914865371,7.937455532,7.625095032,,,,,7.680006638,7.873459727,7.985551888,,,,,8.15532592,,,,,7.856071223,,,,,,,,7.681770066,7.721625837,7.804275258,,7.873354871,7.908414105,7.983453527,8.784361808,,8.304639751,8.188930216,8.199543045,8.232402774,8.022091596,
200,7.982151927,0.294602817,7.914069191,7.464631542,7.699660056,7.828901442,,,8.057166172,,8.310064574,,,,,7.803466155,,8.61430152,8.080852661,7.918261664,7.937309235,7.614177985,,,,,7.670160197,7.849927432,8.018184317,,,,,,,,,,7.952771264,,,,,,,,7.588441745,7.822335509,7.792490686,,7.732304459,8.039381417,7.938045936,8.58465534,,8.564989407,8.284862937,8.168809378,8.141041459,8.108990282,
205,7.979794913,0.257149336,7.858974354,7.489296536,7.735948295,7.758862411,,,8.017122021,,8.169876961,,,,,7.936332925,,8.488076306,8.168211593,7.925827645,7.885776055,7.569632982,,,,,7.621469798,7.805248945,8.196224538,,,,,8.069418212,,7.68904557,,,7.924552732,,,7.854524336,,,,,7.733646986,7.828310989,8.025624936,,7.854438057,7.968166576,7.967019519,8.611515495,,8.399917441,8.200748519,8.224362666,8.11271867,8.073143965,8.18940118
210,7.940446587,0.222014466,7.914366793,7.517781594,7.6900377,7.793266145,,,7.987252708,,8.143655321,,,,,8.020162388,,8.255215308,8.058426855,7.941846892,7.866576404,7.53715601,,,,,7.704460299,7.725989849,8.130216546,,,,,8.006346359,,7.615896064,,,7.910072009,,,7.811352258,,,,,7.820246706,7.8222104,7.924030424,,7.874696738,7.946940337,7.956836929,8.555060807,,8.175570159,8.094738328,8.148063175,8.180235502,8.175213975,7.790369791
215,7.937492712,0.214083467,7.897094772,7.56112679,7.657167701,7.956400685,,,8.045457056,,8.191785428,,,,,7.981307276,,,7.997346541,7.858922112,7.85520908,7.466389696,,,,,7.61626485,,8.048187795,,,,,7.905870443,,7.681672175,,,7.952136861,,,7.867816363,,,,,7.777097933,7.822538876,7.919475025,,7.920775616,8.042825854,7.945740717,8.298464874,,8.438395772,8.027553952,8.234397773,8.07148192,8.174981482,7.910895933
220,7.959273408,0.247758178,7.786682902,7.611419721,7.680495639,8.227738336,,,8.018964718,,8.270750112,,,,,8.059630841,,,8.023818172,7.826216586,7.906050235,7.585653592,,,,,7.653346426,7.79157373,8.006835702,,,,,7.984135478,,7.634429979,,,,,,7.800419393,,,,,7.78214109,7.800818745,7.924160069,,7.689176779,7.9307456,7.955147097,8.531232624,,8.123701824,8.338697183,8.224361708,8.39074938,8.204452489,8.014656086
225,7.941916911,0.236336351,7.739178441,7.592199055,7.665767462,7.979816017,,,7.890327006,,8.162175992,,,,,7.986122879,,,8.106520906,7.955657962,7.873266664,7.500190298,,,,,7.627407246,7.800884317,7.990879422,,,,,8.073830528,,7.650698906,,,,,,7.737270323,,,,,7.624319827,7.77160072,7.920764413,,8.07457219,7.970238583,7.929544825,8.223146472,,8.097987087,8.232028268,8.380123537,8.414926978,8.144511978,8.141549023
230,7.931136411,0.282821906,7.717851763,7.637528763,7.668955526,7.81006383,,,7.961897312,,8.313309051,,,,,,,,7.996501343,7.837359749,7.753436626,7.530631125,,,,,7.682256507,7.662110935,7.920940027,,,,,8.053729519,,7.619766547,,,,,,7.709353609,,,,,7.55403771,7.772599975,7.90586355,,7.901562939,7.833265398,7.927273114,8.336465594,,8.378715542,8.235779895,8.46175836,8.528138286,8.072249669,8.219553663
235,7.943849052,0.268564589,7.747825986,7.580044635,7.692949229,8.064369432,,,8.079636964,,8.519373014,,,,,,,,8.113708291,7.784475497,7.750806432,7.549560629,,,,,7.610246295,7.795268325,8.045151938,,,,,8.112851013,,,,,,,,8.00547589,,,,,7.617640219,7.67633128,7.903773092,,7.949127152,7.689642246,7.98171689,,,8.396966256,8.248644336,8.321169764,8.221153719,,8.082166839
240,7.879391344,0.251485549,7.939202637,7.511343886,7.659341702,7.861722205,,,8.067657603,,8.297691674,,,,,,,,8.111949246,7.835963728,7.821112662,7.571440726,,,,,7.584911251,7.709073061,8.192888136,,,,,8.04319498,,7.538680565,,,,,,7.93876097,,,,,7.652200021,7.639886219,7.755451833,,7.902131987,7.722856391,7.670229234,,,8.454170951,7.919746516,8.245482516,8.135940483,,7.960535115
245,7.803170119,0.223754408,,7.543033612,7.695879699,7.839462923,,,,,8.121907992,,,,,,,,8.032770485,7.792200107,7.713453674,7.489621766,,,,,7.654002511,,7.971957361,,,,,8.159052425,,7.449832918,7.863345754,7.891876129,,,,7.79410133,,,,,7.808014941,7.617781043,7.734717748,,7.752544006,7.467957248,7.578521817,,,,,8.118449915,8.204084466,,7.981512993
250,7.898117917,0.232796884,,7.640235233,7.657043792,7.695654336,,,8.099581693,,8.275749638,,,,,,,,7.920363988,7.877939293,7.74621833,7.518411187,,,,,,,8.202435447,,,,,8.008986225,,7.601108639,7.892164926,7.887086708,,,,7.751934232,,,,,7.80295535,7.683942746,7.777333484,,7.849977904,7.899019675,7.744639648,,,8.427438452,8.324946702,8.092442846,8.064320845,,7.909134525
255,7.890479511,0.232652294,,,7.587799438,7.550997127,,,8.161779198,,8.254784911,,,,,,,,7.931789152,7.828227364,7.751392288,7.569583239,,,,,,,8.182703553,,,,,8.025147176,,7.605304661,7.873433204,7.782518346,,,,7.768971987,,,,,7.783429224,7.738345659,7.74803332,,7.939475174,7.858700806,7.646882979,,,8.275547074,8.283189805,8.23209733,7.988159493,,7.893695278
260,7.890316962,0.250207067,,,7.513916177,,,,8.130280278,,,,,,,,,,7.887477182,7.821677303,7.827889944,7.666837011,,,,,,,7.934467426,,,,,7.985713124,,,7.813191462,7.74381044,,,,7.621303382,,,,,7.712918777,7.662588706,7.729216702,,7.784033281,8.155740523,7.722735253,,,8.267830009,8.567559775,8.222031969,7.994728215,,7.821026223
265,7.853568153,0.20929554,,,7.554458238,,,,8.088011785,,,,,,,,,,,7.76903907,7.81636872,7.56037575,,,,,,,8.164705772,,,,,7.979880901,,7.618657253,7.910683867,7.789636723,,,,7.641857116,,,7.61606675,,7.726266557,7.723889447,7.702276532,8.201787098,7.813909989,7.813715832,7.829738939,,,8.132559896,8.29593831,8.01015714,7.943283435,,7.782370554
270,7.900351159,0.223576691,,,,,,,8.053596856,,,,,,,,,,,7.871266931,7.805278361,7.597411254,,,,,,,,,,8.215666273,,7.943862416,8.042950684,7.716095464,7.844698991,7.542348224,,,,7.816143484,7.568441365,,7.691554307,,7.720833992,7.797647489,7.92305538,8.292930726,7.930509306,7.933905837,,,7.707137932,8.365555523,8.285022349,8.011919657,7.995322699,,7.835623473
275,7.863237902,0.22145098,,,,,,,8.034971421,,,,,,,,,,,7.739486712,7.818085251,7.529620886,,,,,,,,,,7.978541362,,7.920236264,7.887683782,7.485927535,7.780184842,7.849186024,,7.991806318,7.883073039,7.756296956,7.555645623,7.503094569,7.584289223,,7.725463335,7.744845515,7.855798178,8.425071579,7.924622069,7.791146883,7.966351987,,7.793976125,8.231398602,7.999980518,8.170277564,8.162834923,,7.944002069
280,7.864742451,0.231850446,,,,,,,8.041172257,,,,,,,,,,,7.718194199,7.816749464,7.512427388,,,,,,,,,,8.128740816,,7.789528437,7.969320237,7.749010339,7.725904324,7.703494837,,7.947177579,8.062870607,,7.601197207,7.614426193,7.579297227,,7.749559505,7.759060095,7.880996376,8.205315984,,7.55658847,7.889284284,,7.675459144,8.427639217,7.920132912,8.279084645,8.036819365,,8.008595072
285,7.89650484,0.249001018,,,,,,,8.151551648,,,,,,,,,,,7.830717644,7.812091516,7.577891756,,,,,,,,,,8.295897321,7.800482274,7.85039381,8.099204645,7.632041237,7.848430711,7.787104549,,8.164899347,8.10448333,,7.580938645,7.541837684,7.605692108,,7.696664561,7.749756526,7.759386471,8.253258304,,7.582270877,,,7.766923154,8.28462875,8.304819535,8.110989435,8.0375979,,7.975676943
290,7.890771879,0.251943623,,,,,,,8.007710501,,,,,,,,,,,8.032669752,7.782549276,7.567681992,,,,,,,,,,8.381684598,7.907087405,7.994361778,8.143607286,7.591769432,7.665568878,7.757621663,,7.690552513,8.13363191,,7.63312718,7.53723768,7.544796948,,7.658427085,,7.825558723,8.221931287,,7.649760919,,,7.806170965,8.205165069,8.215500192,8.096303382,8.153767279,,7.955825169
295,7.902044937,0.248267131,,,,,,,8.233230019,,,,,,,,,,,7.933692587,7.772209914,7.563478975,,,,,,,,,,8.156147099,7.874462601,8.004224858,8.070887902,7.417636098,7.886587556,7.749113839,,7.736066375,8.028408786,,7.692075342,7.619005717,7.567510398,,,,,8.26789509,,7.577811641,,,7.887870726,8.162771791,8.153204049,8.189427246,8.185124235,,7.920235653
300,7.887198148,0.229223683,,,,,,,8.178839173,,,,,,,,,,,7.842920364,7.770610371,7.571447045,,,,,,,,,,8.065736801,7.84087207,7.962268952,8.002795448,7.695682738,7.799796079,7.680098676,,7.703788169,8.069038668,,7.65140203,7.626107558,7.658899554,,7.598263182,,7.788117257,8.244067135,,7.728024949,,,7.936747353,8.246281576,8.256303053,8.247744183,8.149128037,,7.752171418
305,7.895374703,0.286365495,,,,,,,8.200456077,,,,,,,,,,,7.74751796,7.704615897,7.519228387,,,,,,,,,,8.280338623,7.873763497,7.971932072,7.9511678,7.687525775,7.794935929,7.861114475,,7.697175905,7.860999287,,7.71407415,7.614897282,7.576555712,,7.586756946,,7.720674428,8.26462757,,7.837336007,,,7.715309015,8.589321058,8.46690413,8.264173735,8.046281867,,7.732058686
310,7.885489009,0.263942968,,,,,,,8.125745283,,,,,,,,,,,7.850771861,7.632109973,7.51379069,,,,,,,,,,8.144747638,7.867718527,7.888769137,7.976622415,7.557975864,7.737503209,7.944829573,,7.787845707,7.886304678,,7.623574199,7.656550114,7.713602529,,7.602245236,,,8.214832312,,7.789484768,,,7.756943673,8.366430177,8.38821958,8.346269297,8.138342827,,7.625995958
315,7.872439007,0.254331527,,,,,,,,,,,,,,,,,,7.661486716,7.668136554,7.41157296,,,,,,,,,,7.933334185,7.798721832,7.925078899,8.187043501,7.670299804,7.907431354,7.858117307,,7.805481239,7.742967362,,7.654697147,7.641696586,7.776297436,7.562281784,,,,8.360092179,,7.754878682,,,7.838687515,8.339773228,8.230275767,8.236671389,8.14577002,,7.827742716
320,7.865970318,0.267206398,,,,,,,,,,,,,,,,,,7.587113208,,7.445376455,,,,,,,,,,8.290511513,7.691045531,7.937348131,8.148162063,7.620189075,7.891397884,7.766604219,,7.747367315,7.74306936,,7.556829943,7.499251029,7.737872523,7.792314997,,,,8.175654596,,7.83161076,,,7.735698476,8.404030555,8.168654352,8.209494769,8.099653229,,7.838067326
325,7.839100448,0.26427179,,,,,,,,,,,,,,,,,,7.65615355,,7.437490177,,,,,,,,,,8.349391286,7.684766473,7.934294515,7.893179735,7.75480356,7.919565472,7.71968524,,7.767391741,7.675615092,,7.402486093,7.426204992,7.800956374,7.822706367,,,,8.220262565,,7.787741386,,,7.881265636,8.334882985,8.208434559,8.01890026,7.968757115,,7.634375133
330,7.856242098,0.263402574,,,,,,,,,,,,,,,,,,7.802960397,,7.451306154,,,,,,,,,,8.349901428,7.555230758,7.945702202,7.874821971,7.672254248,7.911687217,7.811328753,,7.872496954,7.845341702,,7.422801784,7.417524902,7.791260509,7.912130475,,,,8.291581613,,7.829798882,,,7.782434541,8.283624051,8.159570028,,8.068617206,,7.784950381
335,7.906474858,0.299873239,,,,,,,,,,,,,,,,,,8.003067374,,7.47698356,,,,,,,,,,8.481709776,7.501032198,7.897026057,8.113866562,7.637721997,7.917366837,7.827865374,,7.96537568,8.044988894,,7.4374061,7.519990932,7.754765645,7.879957118,,,,8.348920061,,7.820187804,,,7.729715602,8.35100986,8.226041866,,8.100972713,,
340,7.878892763,0.299889112,,,,,,,,,,,,,,,,,,7.975452339,,7.569284275,,,,,,,,,,8.315424504,7.53612944,7.886001763,8.028875921,7.701230257,7.800210131,,,7.996622881,8.285947539,,7.489408528,7.525270267,7.586269513,7.669301395,,,,8.495076768,,7.82860525,,,7.712361737,,8.192517577,,8.104972418,,
345,7.906627451,0.273747439,,,,,,,,,,,,,,,,,,,,7.546413677,,,,,,,,,,8.137157708,7.505070664,7.935928957,8.23779828,7.733102498,7.912880242,,,8.021240228,8.176437974,,7.50039258,7.625578553,7.706441401,7.729654615,,,,8.397471387,,7.934849654,,,7.870659044,,8.202905735,,8.145310925,,
350,7.862095235,0.274920236,,,,,,,,,,,,,,,,,,,,7.538435412,,,,,,,,,,8.471581071,7.558288293,7.98308822,7.843929643,7.57943799,7.886705032,,,7.81470005,7.982025295,,7.487406926,7.673561025,7.659193358,7.656229292,,,,8.34701604,,7.899125972,,,7.996140001,,8.112112742,,8.028737873,,
355,7.890038831,0.279283735,,,,,,,,,,,,,,,,,,,,7.559088859,,,,,,,,,,8.338543082,7.648664262,8.173131042,8.137948178,7.494305854,7.926611908,,,7.911607596,7.843894667,,7.575819517,7.649013484,7.684770943,7.645127621,,,,8.350550372,,,,,8.037001768,,8.16146049,,7.993120476,,
360,7.863021881,0.276963758,,,,,,,,,,,,,,,,,,,,7.530999272,,,,,,,,,,8.395404469,7.701809774,,8.038292096,7.53015668,8.020427914,,,7.849411749,7.939097523,,7.53000734,7.650518192,7.707308369,7.668408922,,,,8.416564394,,,,,7.994928441,,7.99093283,,7.844082136,,
365,7.807344803,0.266660062,,,,,,,,,,,,,,,,,,,,7.524448521,,,,,,,,,,8.360459127,7.721634018,,8.008657219,7.490311396,,,,7.859067069,7.881351344,,7.426852717,7.650758121,7.594101404,7.666504299,,,,8.232719089,,,,,7.805508512,,7.952888974,,7.934910231,,
370,7.80366169,0.21279675,,,,,,,,,,,,,,,,,,,,,,,,,,,,,,8.213964764,7.7733553,,7.905799588,7.58093838,,,,7.702776173,7.770593036,,7.520692826,7.606060636,7.609029365,7.63639309,,,,8.134289566,,,,,7.984229046,,7.903610544,,7.909531344,,
375,7.821658141,0.223227518,,,,,,,,,,,,,,,,,,,,,,,,,,,,,,8.19576468,7.694000163,,7.753436187,7.623794526,,,,7.751588359,7.725017675,,7.600591928,7.510771218,7.739980507,7.650752356,,,,8.14831782,,,,,8.104917171,,8.001964245,,8.002317141,,
380,7.832525097,0.247049182,,,,,,,,,,,,,,,,,,,,,,,,,,,,,,8.090547691,7.590172451,,7.996919285,7.631447252,,,,8.011754172,7.883141707,,7.582170236,7.466591496,,7.551811741,,,,,,,,,8.079700257,,8.124416782,,7.981628096,,
385,7.87957879,0.226700403,,,,,,,,,,,,,,,,,,,,,,,,,,,,,,8.090321231,7.615704846,,8.074247152,7.642151498,,,,8.014500763,8.050925637,,7.595678124,,7.684681539,7.641211773,,,,,,,,,7.971944758,,8.227579266,,7.945998889,,
390,7.865210143,0.327440954,,,,,,,,,,,,,,,,,,,,,,,,,,,,,,8.522948897,7.471503727,,8.109394518,7.5218355,,,,8.077794125,8.051273917,,7.612452327,7.460337028,7.612128876,7.699047444,,,,,,,,,7.918877953,,8.177600459,,8.012537094,,
395,,,,,,,,,,,,,,,,,,,,,,,,,,,,,,,,8.421883565,7.516058714,,8.19673337,7.644834752,,,,7.927813225,7.997545374,,7.571837201,,,8.019866446,,,,,,,,,8.004691709,,,,,,
400,,,,,,,,,,,,,,,,,,,,,,,,,,,,,,,,8.276761141,7.394720964,,8.085908129,7.649122201,,,,7.982385189,8.007039605,,,,,8.067557268,,,,,,,,,7.827708488,,,,,,
405,,,,,,,,,,,,,,,,,,,,,,,,,,,,,,,,8.503424312,7.3890761,,8.044584543,,,,,7.943498864,7.974807162,,7.524276168,7.705656611,,8.080985316,,,,,,,,,,,,,,,
410,,,,,,,,,,,,,,,,,,,,,,,,,,,,,,,,8.571026946,7.445411508,,8.092228759,,,,,7.771865303,7.855324999,,,7.580854267,7.790082363,8.101291758,,,,,,,,,,,,,,,
415,,,,,,,,,,,,,,,,,,,,,,,,,,,,,,,,8.404163345,7.543043939,,8.1466467,,,,,,8.098675698,,7.564311634,7.675807849,7.762513727,8.069447106,,,,,,,,,,,,,,,
420,,,,,,,,,,,,,,,,,,,,,,,,,,,,,,,,8.181634952,7.563959903,,7.911124945,,,,,,7.872448373,,7.515533756,7.566341013,7.687369573,8.073175604,,,,,,,,,,,,,,,
425,,,,,,,,,,,,,,,,,,,,,,,,,,,,,,,,8.347696264,7.695751369,,7.849294004,,,,,,7.854365731,,7.590599629,7.555473159,7.646598231,7.858737581,,,,,,,,,,,,,,,
430,,,,,,,,,,,,,,,,,,,,,,,,,,,,,,,,7.997040871,7.773913762,,7.800951459,,,,,,8.02766297,,7.556362252,7.5236212,7.653493166,7.644191361,,,,,,,,,,,,,,,
435,,,,,,,,,,,,,,,,,,,,,,,,,,,,,,,,7.834612871,7.631927567,,7.951962832,,,,,,8.016454753,,7.574586433,7.595400068,7.651162105,7.760836062,,,,,,,,,,,,,,,
440,,,,,,,,,,,,,,,,,,,,,,,,,,,,,,,,,7.676909129,,7.983662143,,,,,,,,7.523969055,7.637542752,,7.871675915,,,,,,,,,,,,,,,
445,,,,,,,,,,,,,,,,,,,,,,,,,,,,,,,,,,,,,,,,,,,,,,,,,,,,,,,,,,,,,
450,,,,,,,,,,,,,,,,,,,,,,,,,,,,,,,,,7.58938877,,,,,,,,,,7.427925983,7.601553562,7.805247062,7.810846482,,,,,,,,,,,,,,,
455,,,,,,,,,,,,,,,,,,,,,,,,,,,,,,,,,7.618279008,,,,,,,,,,7.610288327,7.579870403,7.676479011,7.819686465,,,,,,,,,,,,,,,
460,,,,,,,,,,,,,,,,,,,,,,,,,,,,,,,,,,,,,,,,,,,7.604337089,7.492355841,7.714899845,7.901376886,,,,,,,,,,,,,,,
465,,,,,,,,,,,,,,,,,,,,,,,,,,,,,,,,,,,,,,,,,,,7.546548334,7.460061548,7.609123739,8.036453188,,,,,,,,,,,,,,,
470,,,,,,,,,,,,,,,,,,,,,,,,,,,,,,,,,,,,,,,,,,,7.634777213,,,7.949996459,,,,,,,,,,,,,,,
475,,,,,,,,,,,,,,,,,,,,,,,,,,,,,,,,,,,,,,,,,,,7.64233199,7.497652375,,7.908026637,,,,,,,,,,,,,,,
480,,,,,,,,,,,,,,,,,,,,,,,,,,,,,,,,,,,,,,,,,,,7.519632749,7.602607758,,7.915495029,,,,,,,,,,,,,,,
485,,,,,,,,,,,,,,,,,,,,,,,,,,,,,,,,,,,,,,,,,,,7.494215853,7.55622571,,7.832440385,,,,,,,,,,,,,,,
490,,,,,,,,,,,,,,,,,,,,,,,,,,,,,,,,,,,,,,,,,,,,7.549291114,,8.06808274,,,,,,,,,,,,,,,
495,,,,,,,,,,,,,,,,,,,,,,,,,,,,,,,,,,,,,,,,,,,,7.4944735,,7.980209616,,,,,,,,,,,,,,,
500,,,,,,,,,,,,,,,,,,,,,,,,,,,,,,,,,,,,,,,,,,,,7.514801425,,7.754741201,,,,,,,,,,,,,,,
505,,,,,,,,,,,,,,,,,,,,,,,,,,,,,,,,,,,,,,,,,,,,7.624846275,,7.872306185,,,,,,,,,,,,,,,
510,,,,,,,,,,,,,,,,,,,,,,,,,,,,,,,,,,,,,,,,,,,,7.56701074,,7.890620566,,,,,,,,,,,,,,,
515,,,,,,,,,,,,,,,,,,,,,,,,,,,,,,,,,,,,,,,,,,,,7.540384016,,,,,,,,,,,,,,,,,
520,,,,,,,,,,,,,,,,,,,,,,,,,,,,,,,,,,,,,,,,,,,,,,7.85593902,,,,,,,,,,,,,,,
525,,,,,,,,,,,,,,,,,,,,,,,,,,,,,,,,,,,,,,,,,,,,,,7.84202563,,,,,,,,,,,,,,,
530,,,,,,,,,,,,,,,,,,,,,,,,,,,,,,,,,,,,,,,,,,,,,,7.846906489,,,,,,,,,,,,,,,
